Year,Year Code,Country Name,Country Code,Women who were first married by age 15 (% of women ages 20-24) [SP.M15.2024.FE.ZS],Women's share of population ages 15+ living with HIV (%) [SH.DYN.AIDS.FE.ZS],Young people (ages 15-24) newly infected with HIV [SH.HIV.INCD.YG],Rural population (% of total population) [SP.RUR.TOTL.ZS],Rural population [SP.RUR.TOTL],Rural population growth (annual %) [SP.RUR.TOTL.ZG],Rural poverty headcount ratio at national poverty lines (% of rural population) [SI.POV.RUHC],"School enrollment, primary (% gross) [SE.PRM.ENRR]","School enrollment, primary, female (% gross) [SE.PRM.ENRR.FE]","School enrollment, primary, male (% gross) [SE.PRM.ENRR.MA]","School enrollment, primary, male (% net) [SE.PRM.NENR.MA]","School enrollment, primary, female (% net) [SE.PRM.NENR.FE]","School enrollment, primary (% net) [SE.PRM.NENR]",Ratio of young literate females to males (% ages 15-24) [SE.ADT.1524.LT.FM.ZS],Ratio of school attendance of orphans to school attendance of non-orphans ages 10-14 [SE.ENR.ORPH],Proportion of population spending more than 25% of household consumption or income on out-of-pocket health care expenditure (%) [SH.UHC.OOPC.25.ZS],Proportion of population pushed below the $3.20 ($ 2011 PPP) poverty line by out-of-pocket health care expenditure (%) [SH.UHC.NOP2.ZS],Proportion of population pushed below the $1.90 ($ 2011 PPP) poverty line by out-of-pocket health care expenditure (%) [SH.UHC.NOP1.ZS],"Probability of dying among adolescents ages 15-19 years (per 1,000) [SH.DYN.1519]","Primary completion rate, male (% of relevant age group) [SE.PRM.CMPT.MA.ZS]","Prevalence of wasting, male (% of children under 5) [SH.STA.WAST.MA.ZS]",Prevalence of undernourishment (% of population) [SN.ITK.DEFC.ZS],"Prevalence of severe wasting, weight for height, female (% of children under 5) [SH.SVR.WAST.FE.ZS]","Prevalence of severe wasting, weight for height, male (% of children under 5) [SH.SVR.WAST.MA.ZS]",Prevalence of syphilis (% of women attending antenatal care) [SH.PRG.SYPH.ZS],"Prevalence of overweight, male (% of male adults) [SH.STA.OWAD.MA.ZS]",Prevalence of overweight (% of adults) [SH.STA.OWAD.ZS],"Prevalence of HIV, female (% ages 15-24) [SH.HIV.1524.FE.ZS]",Prevalence of anemia among non-pregnant women (% of women ages 15-49) [SH.ANM.NPRG.ZS],Poverty headcount ratio at national poverty line (% of population) [SI.POV.NAHC],"Population, total [SP.POP.TOTL]","Population, male (% of total population) [SP.POP.TOTL.MA.ZS]",Population growth (annual %) [SP.POP.GROW],"Population, female [SP.POP.TOTL.FE.IN]",Number of people pushed below the $3.20 ($ 2011 PPP) poverty line by out-of-pocket health care expenditure [SH.UHC.NOP2.TO],Number of people pushed below the $1.90 ($ 2011 PPP) poverty line by out-of-pocket health care expenditure [SH.UHC.NOP1.TO],Number of neonatal deaths [SH.DTH.NMRT],"Mortality rate, infant, male (per 1,000 live births) [SP.DYN.IMRT.MA.IN]","Mortality rate, adult, female (per 1,000 female adults) [SP.DYN.AMRT.FE]","Mortality rate attributed to unintentional poisoning (per 100,000 population) [SH.STA.POIS.P5]","Mortality rate attributed to household and ambient air pollution (per 100,000 population) [SH.STA.AIRP.P5]","Mortality from CVD, cancer, diabetes or CRD between exact ages 30 and 70, male (%) [SH.DYN.NCOM.MA.ZS]","Maternal mortality ratio (modeled estimate, per 100,000 live births) [SH.STA.MMRT]","Malnutrition prevalence, weight for age, female (% of children under 5) [SH.STA.MALN.FE.ZS]",Malaria cases reported [SH.STA.MALR],"Literacy rate, adult male (% of males ages 15 and above) [SE.ADT.LITR.MA.ZS]","Life expectancy at birth, female (years) [SP.DYN.LE00.FE.IN]","Labor force, total [SL.TLF.TOTL.IN]","Labor force, female (% of total labor force) [SL.TLF.TOTL.FE.ZS]",Increase in poverty gap at $3.20 ($ 2011 PPP) poverty line due to out-of-pocket health care expenditure (% of poverty line) [SH.UHC.NOP2.ZG],Increase in poverty gap at $1.90 ($ 2011 PPP) poverty line due to out-of-pocket health care expenditure (% of poverty line) [SH.UHC.NOP1.ZG],"Incidence of tuberculosis (per 100,000 people) [SH.TBS.INCD]","Condom use at last high-risk sex, adult female (% ages 15-49) [SH.CON.AIDS.FE.ZS]","Condom use at last high-risk sex, adult male (% ages 15-49) [SH.CON.AIDS.MA.ZS]","Comprehensive correct knowledge of HIV/AIDS, ages 15-49, male (2 prevent ways and reject 3 misconceptions) [SH.HIV.KNOW.MA.ZS]","Comprehensive correct knowledge of HIV/AIDS, ages 15-24, female (2 prevent ways and reject 3 misconceptions) [SH.HIV.1524.KW.FE.ZS]","Completeness of birth registration, rural (%) [SP.REG.BRTH.RU.ZS]","Completeness of birth registration, male (%) [SP.REG.BRTH.MA.ZS]","Completeness of birth registration, female (%) [SP.REG.BRTH.FE.ZS]",Completeness of birth registration (%) [SP.REG.BRTH.ZS],"Birth rate, crude (per 1,000 people) [SP.DYN.CBRT.IN]",Adults (ages 15+) and children (0-14 years) living with HIV [SH.HIV.TOTL],Adults (ages 15+) and children (ages 0-14) newly infected with HIV [SH.HIV.INCD.TL],"Adolescent fertility rate (births per 1,000 women ages 15-19) [SP.ADO.TFRT]",Adults (ages 15+) living with HIV [SH.DYN.AIDS]
2019,YR2019,Afghanistan,AFG,..,29,500,74.246,28244481,1.963585747,..,..,..,..,..,..,..,..,..,..,..,..,13.6,..,..,..,..,..,..,..,..,0.1,..,..,38041754,51.33760515,2.311817217,18512029,..,..,43424,49.8,..,..,..,..,..,..,..,..,..,10699797,21.4470611,..,..,..,..,..,..,..,..,..,..,..,..,11000,1500,..,10000
2019,YR2019,Albania,ALB,..,23.3,100,38.771,1106598,-2.746066612,..,104.8127365,106.4436111,103.3807678,..,..,..,..,..,..,..,..,1.7,102.2923965,..,..,..,..,..,..,..,0.1,..,..,2854191,50.91389431,-0.426007367,1401011,..,..,251,9.5,..,..,..,..,..,..,..,..,..,1313923,41.4753376,..,..,..,..,..,..,..,..,..,..,..,..,1400,100,..,1400
2019,YR2019,Algeria,DZA,..,45.6,500,26.811,11542954,-0.1332306344,..,107.3316879,104.8598785,109.7035828,..,..,..,..,..,..,..,..,2.7,101.1553497,..,..,..,..,..,..,..,0.1,..,..,43053054,50.51828844,1.933950191,21303388,..,..,16484,21.3,..,..,..,..,..,..,..,..,..,12303926,17.62688592,..,..,..,..,..,..,..,..,..,..,..,..,22000,2100,..,21000
2019,YR2019,American Samoa,ASM,..,..,..,12.853,7109,-0.2388480236,..,..,..,..,..,..,..,..,..,..,..,..,..,..,..,..,..,..,..,..,..,..,..,..,55312,..,-0.2762308011,..,..,..,..,..,..,..,..,..,..,..,..,..,..,..,..,..,..,..,..,..,..,..,..,..,..,..,..,..,..,..,..
2019,YR2019,Andorra,AND,..,..,..,12.016,9269,0.8233174012,..,..,..,..,..,..,..,..,..,..,..,..,1.3,..,..,..,..,..,..,..,..,..,..,..,77142,..,0.1764538434,..,..,..,1,3.1,..,..,..,..,..,..,..,..,..,..,..,..,..,..,..,..,..,..,..,..,..,..,..,..,..,..,..
2019,YR2019,Angola,AGO,..,69.6,9000,33.823,10764270,1.301742489,..,..,..,..,..,..,..,..,..,..,..,..,12.8,..,..,..,..,..,..,..,..,1.2,..,..,31825295,49.47252499,3.242982603,16080518,..,..,35358,55.3,..,..,..,..,..,..,..,..,..,13164276,50.25306367,..,..,..,..,..,..,..,..,..,..,..,..,340000,26000,..,310000
2019,YR2019,Antigua and Barbuda,ATG,..,..,..,75.494,73318,0.9827449072,..,..,..,..,..,..,..,..,..,..,..,..,2.4,..,..,..,..,..,..,..,..,..,..,..,97118,48.24280492,0.8603804807,50266,..,..,5,6.2,..,..,..,..,..,..,..,..,..,..,..,..,..,..,..,..,..,..,..,..,..,..,..,..,..,..,..
2019,YR2019,Arab World,ARB,..,41.78166571,..,40.79835313,174564024,1.239245702,..,95.64803,93.07939,98.10018,..,..,..,0.944840014,..,..,..,..,6.005146755,87.48287201,..,..,..,..,..,..,..,0.1009057463,..,..,427870270,51.82657802,1.924692733,206119753,..,..,177060,28.40593301,..,..,..,..,..,..,..,79.76159668,..,138180908,20.717721,..,..,..,..,..,..,..,..,..,..,..,..,..,..,..,..
2019,YR2019,Argentina,ARG,..,32.3,1100,8.009,3599141,-0.5061159187,..,..,..,..,..,..,..,..,..,..,..,..,3.4,..,..,..,..,..,..,..,..,0.1,..,35.5,44938712,48.7741978,0.9933974933,23020216,..,..,4583,9.2,..,..,..,..,..,..,..,..,..,20772672,42.96271082,..,..,..,..,..,..,..,..,..,..,..,..,140000,5900,..,130000
2019,YR2019,Armenia,ARM,..,34.9,100,36.781,1087883,0.01139893421,..,91.84506226,92.1054306,91.61638641,..,..,..,..,..,..,..,..,2,93.26407623,..,..,..,..,..,..,..,0.1,..,..,2957731,47.03843626,0.2015397229,1566461,..,..,258,11.6,..,..,..,..,..,..,..,..,..,1303565,46.16731809,..,..,..,..,..,..,..,..,..,..,..,..,3500,200,..,3500
2019,YR2019,Aruba,ABW,..,..,..,56.454,60019,0.2034758366,..,..,..,..,..,..,..,..,..,..,..,..,..,..,..,..,..,..,..,..,..,..,..,..,106314,47.44896999,0.4421219594,55869,..,..,..,..,..,..,..,..,..,..,..,..,..,..,..,..,..,..,..,..,..,..,..,..,..,..,..,..,..,..,..
2019,YR2019,Australia,AUS,..,12.3,100,13.876,3519551,0.712080018,..,..,..,..,..,..,..,..,..,..,..,..,1.5,..,..,..,..,..,..,..,..,0.1,..,..,25364307,49.80046581,1.515984454,12732764,..,..,726,3.3,..,..,..,..,..,..,..,..,..,13414956,46.53362262,..,..,..,..,..,..,..,..,..,..,..,..,29000,1000,..,29000
2019,YR2019,Austria,AUT,..,..,..,41.485,3682651,-0.1115692777,..,..,..,..,..,..,..,..,..,..,..,..,1.2,..,..,..,..,..,..,..,..,..,..,..,8877067,49.23871382,0.4125398088,4506113,..,..,184,3.1,..,..,..,..,..,..,..,..,..,4613292,46.40601549,..,..,..,..,..,..,..,..,..,..,..,..,..,..,..,..
2019,YR2019,Azerbaijan,AZE,..,34.1,100,43.969,4407153,0.04189522624,..,97.93534851,99.53543854,96.56020355,..,..,..,..,..,..,..,..,2.6,100.3920212,..,..,..,..,..,..,..,0.1,..,..,10023318,49.92012615,0.8370196394,5019665,..,..,1765,20.1,..,..,..,..,..,..,..,..,..,5103137,48.75397231,..,..,..,..,..,..,..,..,..,..,..,..,9700,1000,..,9600
2019,YR2019,"Bahamas, The",BHS,..,..,..,16.868,65698,0.3598662011,..,..,..,..,..,..,..,..,..,..,..,..,4.8,..,..,..,..,..,..,..,..,..,..,..,389482,48.58454476,0.9913359353,200254,..,..,36,11.6,..,..,..,..,..,..,..,..,..,226287,47.51178813,..,..,..,..,..,..,..,..,..,..,..,..,..,..,..,..
2019,YR2019,Bahrain,BHR,..,..,..,10.606,174063,3.465602213,..,98.02790833,97.73763275,98.31111908,..,..,..,..,..,..,..,..,2,103.1758194,..,..,..,..,..,..,..,..,..,..,1641172,64.27127332,4.469239009,586370,..,..,65,6.1,..,..,..,..,..,..,..,..,..,978624,20.05479122,..,..,..,..,..,..,..,..,..,..,..,..,..,..,..,..
2019,YR2019,Bangladesh,BGD,..,..,..,62.595,102058744,-0.1853594869,..,..,..,..,..,..,..,1.024799943,..,..,..,..,6.5,..,..,..,..,..,..,..,..,..,..,..,163046161,50.58308912,1.042001128,80572376,..,..,55542,27.3,..,..,..,..,..,..,..,77.44149017,..,70009461,30.48785221,..,..,..,..,..,..,..,..,..,..,..,..,..,..,..,..
2019,YR2019,Barbados,BRB,..,42.7,100,68.842,197594,0.1179881389,..,100.3379135,98.15724945,102.4552689,..,..,..,..,..,..,..,..,2.3,88.65287781,..,..,..,..,..,..,..,0.1,..,..,287025,48.36336017,0.1338758293,148210,..,..,26,12.8,..,..,..,..,..,..,..,..,..,155296,49.32644756,..,..,..,..,..,..,..,..,..,..,..,..,2700,100,..,2700
2019,YR2019,Belarus,BLR,0,45.2,200,20.956,1983874,-2.295621506,..,..,..,..,..,..,..,..,..,..,..,..,1.5,..,..,..,..,..,..,..,..,0.1,..,..,9466856,46.54805986,-0.1756484697,5060218,..,..,133,2.7,..,..,..,..,..,..,..,..,..,5036882,48.97911049,..,..,..,..,..,..,..,..,..,..,..,..,28000,1900,..,28000
2019,YR2019,Belgium,BEL,..,..,..,1.959,224973,-1.523628945,..,..,..,..,..,..,..,..,..,..,..,..,1,..,..,..,..,..,..,..,..,..,..,..,11484055,49.49577644,0.4975849716,5799933,..,..,249,3.1,..,..,..,..,..,..,..,..,..,5101824,46.20090775,..,..,..,..,..,..,..,..,..,..,..,..,..,..,..,..
2019,YR2019,Belize,BLZ,..,..,..,54.134,211314,1.621102695,..,110.4903107,108.5915909,112.3222733,..,..,..,..,..,..,..,..,4,102.6206512,..,..,..,..,..,..,..,..,..,..,390353,49.77084726,1.883110736,196071,..,..,65,11.6,..,..,..,..,..,..,..,..,..,178514,38.84681314,..,..,..,..,..,..,..,..,..,..,..,..,..,..,..,..
2019,YR2019,Benin,BEN,..,61.3,1100,52.139,6153002,1.667655257,..,116.7085876,112.3972778,120.8984222,..,..,..,..,..,..,..,..,11.2,67.63040924,..,..,..,..,..,..,..,0.4,..,38.5,11801151,49.92102889,2.715105359,5909895,..,..,12931,64.4,..,..,..,..,..,..,..,..,..,4833491,49.19318149,..,..,..,..,..,..,..,..,..,..,..,..,75000,3500,..,69000
2019,YR2019,Bermuda,BMU,..,..,..,0,0,..,..,..,..,..,..,..,..,..,..,..,..,..,..,..,..,..,..,..,..,..,..,..,..,..,63918,..,-0.003128911139,..,..,..,..,..,..,..,..,..,..,..,..,..,..,..,..,..,..,..,..,..,..,..,..,..,..,..,..,..,..,..,..
2019,YR2019,Bhutan,BTN,..,..,..,58.388,445554,-0.07426195516,..,..,..,..,..,..,..,..,..,..,..,..,5.5,..,..,..,..,..,..,..,..,..,..,..,763092,53.0776025,1.146382274,358061,..,..,215,26,..,..,..,..,..,..,..,..,..,380085,40.7140508,..,..,..,..,..,..,..,..,..,..,..,..,..,..,..,..
2019,YR2019,Bolivia,BOL,..,30.7,200,30.227,3480065,0.2543990342,..,..,..,..,..,..,..,..,..,..,..,..,4.6,..,..,..,..,..,..,..,..,0.1,..,..,11513100,50.20029354,1.399098368,5733490,..,..,3598,23.3,..,..,..,..,..,..,..,..,..,5735836,44.15511531,..,..,..,..,..,..,..,..,..,..,..,..,19000,1000,..,19000
2019,YR2019,Bosnia and Herzegovina,BIH,..,..,..,51.374,1695856,-1.431048482,..,..,..,..,..,..,..,..,..,..,..,..,1.7,..,..,..,..,..,..,..,..,..,..,..,3301000,48.97909662,-0.6922064087,1684200,..,..,111,5.5,..,..,..,..,..,..,..,..,..,1306464,39.22480834,..,..,..,..,..,..,..,..,..,..,..,..,..,..,..,..
2019,YR2019,Botswana,BWA,..,57.1,3200,29.828,687147,-0.2295270993,..,..,..,..,..,..,..,..,..,..,..,..,3.9,..,..,..,..,..,..,..,..,9.3,..,..,2303697,48.36196333,2.175290909,1189584,..,..,999,35.3,..,..,..,..,..,..,..,..,..,1080610,48.69777255,..,..,..,..,..,..,..,..,..,..,..,..,380000,9500,..,370000
2019,YR2019,Brazil,BRA,..,..,..,13.176,27807886,-1.165297509,..,..,..,..,..,..,..,..,..,..,..,..,5.8,..,..,..,..,..,..,..,..,..,..,..,211049527,49.15109994,0.7515484265,107316363,..,..,22736,13.9,..,..,..,..,..,..,..,..,..,106500838,43.5837641,..,..,..,..,..,..,..,..,..,..,..,..,920000,48000,..,..
2019,YR2019,British Virgin Islands,VGB,..,..,..,51.884,15581,0.006418279262,..,..,..,..,..,..,..,..,..,..,..,..,..,..,..,..,..,..,..,..,..,..,..,..,30030,..,0.7621376642,..,..,..,..,..,..,..,..,..,..,..,..,..,..,..,..,..,..,..,..,..,..,..,..,..,..,..,..,..,..,..,..
2019,YR2019,Brunei Darussalam,BRN,..,..,..,22.058,95574,-0.4061883969,..,100.0995026,100.5328674,99.69371796,..,..,..,..,..,..,..,..,1.3,98.92337036,..,..,..,..,..,..,..,..,..,..,433285,51.92339648,1.002737318,208309,..,..,38,10.5,..,..,..,..,..,..,..,..,..,216860,42.84792032,..,..,..,..,..,..,..,..,..,..,..,..,..,..,..,..
2019,YR2019,Bulgaria,BGR,..,20.4,100,24.653,1719734,-2.069630137,..,..,..,..,..,..,..,..,..,..,..,..,2.4,..,..,..,..,..,..,..,..,0.1,..,..,6975761,48.57138816,-0.7039056411,3587537,..,..,206,6.2,..,..,..,..,..,..,..,..,..,3295081,46.16842499,..,..,..,..,..,..,..,..,..,..,..,..,3300,500,..,3300
2019,YR2019,Burkina Faso,BFA,..,60.6,1000,70.02,14229029,1.959830675,..,94.5357132,94.28289032,94.77986908,..,..,..,..,..,..,..,..,6.1,60.96854019,..,..,..,..,..,..,..,0.4,..,..,20321378,49.93643395,2.844222553,10173606,..,..,19767,58.7,..,..,..,..,..,..,..,..,..,7468213,44.61854529,..,..,..,..,..,..,..,..,..,..,..,..,100000,2700,..,92000
2019,YR2019,Burundi,BDI,..,60.1,500,86.634,9989403,2.744178992,..,118.9602432,119.8396225,118.0884628,..,..,..,..,..,..,..,..,8.7,54.29693985,..,..,..,..,..,..,..,0.6,..,..,11530580,49.59845461,3.128967114,5811591,..,..,9288,44,..,..,..,..,..,..,..,..,..,4983237,51.85834027,..,..,..,..,..,..,..,..,..,..,..,..,85000,1900,..,76000
2019,YR2019,Cabo Verde,CPV,..,53.8,100,33.805,185906,-0.2321059273,..,..,..,..,..,..,..,..,..,..,..,..,2.3,..,..,..,..,..,..,..,..,0.2,..,..,549935,50.19420442,1.127924314,273900,..,..,94,14,..,..,..,..,..,..,..,..,..,238022,44.08500055,..,..,..,..,..,..,..,..,..,..,..,..,2500,200,..,2400
2019,YR2019,Cambodia,KHM,..,52,200,76.195,12561921,0.9006100404,..,106.4747391,105.0311966,107.8470917,..,..,..,..,..,..,..,..,3.5,87.55303955,..,..,..,..,..,..,..,0.1,..,..,16486542,48.81171564,1.44639338,8439178,..,..,5257,25.5,..,..,..,..,..,..,..,..,..,9350230,48.37876715,..,..,..,..,..,..,..,..,..,..,..,..,73000,1000,..,70000
2019,YR2019,Cameroon,CMR,..,67,5400,43.032,11135124,1.213316679,..,105.7478409,100.2098236,111.1951294,..,..,..,..,..,..,..,..,12.3,68.58518219,..,..,..,..,..,..,..,1.4,..,..,25876380,50.00670302,2.584247107,12936456,..,..,23557,55.2,..,..,..,..,..,..,..,..,..,11345979,47.02619316,..,..,..,..,..,..,..,..,..,..,..,..,510000,17000,..,470000
2019,YR2019,Canada,CAN,..,..,..,18.518,6960780,1.041379435,..,..,..,..,..,..,..,..,..,..,..,..,1.7,..,..,..,..,..,..,..,..,..,..,..,37589262,49.62048367,1.424051307,18937288,..,..,1285,4.5,..,..,..,..,..,..,..,..,..,20583847,47.3736372,..,..,..,..,..,..,..,..,..,..,..,..,..,..,..,..
2019,YR2019,Caribbean small states,CSS,..,45.40968095,..,48.62996095,3599290,0.2246309962,..,96.31077,95.45425,97.13723,..,..,..,..,..,..,..,..,3.92550829,90.21515656,..,..,..,..,..,..,..,0.2560373225,..,..,7401381,49.60935057,0.576385402,3666801,..,..,1297,16.17886011,..,..,..,..,..,..,..,..,..,3406886,43.93479674,..,..,..,..,..,..,..,..,..,..,..,..,..,..,..,..
2019,YR2019,Cayman Islands,CYM,..,..,..,0,0,..,..,..,..,..,..,..,..,..,..,..,..,..,..,..,..,..,..,..,..,..,..,..,..,..,64948,..,1.198880548,..,..,..,..,..,..,..,..,..,..,..,..,..,..,..,..,..,..,..,..,..,..,..,..,..,..,..,..,..,..,..,..
2019,YR2019,Central African Republic,CAF,..,59.8,1700,58.23,2763121,0.9799147311,..,..,..,..,..,..,..,..,..,..,..,..,11.3,..,..,..,..,..,..,..,..,1.4,..,..,4745185,49.56552745,1.674745212,2393209,..,..,6646,87.5,..,..,..,..,..,..,..,..,..,1914794,45.67326825,..,..,..,..,..,..,..,..,..,..,..,..,100000,4900,..,96000
2019,YR2019,Central Europe and the Baltics,CEB,..,..,..,37.5616437,38455076,-0.4317326431,..,95.30736,94.98712,95.61125,..,..,..,..,..,..,..,..,1.824748996,93.11006165,..,..,..,..,..,..,..,..,..,..,102378579,48.40299139,-0.1545266195,52824286,..,..,2609,4.379393043,..,..,..,..,..,..,..,..,..,49355626,44.99905239,..,..,..,..,..,..,..,..,..,..,..,..,..,..,..,..
2019,YR2019,Chad,TCD,..,60.5,1700,76.721,12234603,2.699600004,..,89.19113922,78.0417099,100.279953,..,..,..,..,..,..,..,..,15.5,..,..,..,..,..,..,..,..,0.6,..,..,15946876,49.9189873,2.985937461,7986357,..,..,22123,75.3,..,..,..,..,..,..,..,..,..,5995556,45.53337505,..,..,..,..,..,..,..,..,..,..,..,..,120000,5200,..,110000
2019,YR2019,Channel Islands,CHI,..,..,..,69.069,118978,1.002673445,..,..,..,..,..,..,..,..,..,..,..,..,..,..,..,..,..,..,..,..,..,..,..,..,172259,49.49031719,1.026972656,87007,..,..,..,..,..,..,..,..,..,..,..,..,..,85147,44.26579915,..,..,..,..,..,..,..,..,..,..,..,..,..,..,..,..
2019,YR2019,Chile,CHL,..,17.7,1000,12.357,2341903,0.545701785,..,..,..,..,..,..,..,..,..,..,..,..,2.1,..,..,..,..,..,..,..,..,0.1,..,..,18952038,49.2916671,1.182980431,9610263,..,..,1044,6.4,..,..,..,..,..,..,..,..,..,9557893,42.24888268,..,..,..,..,..,..,..,..,..,..,..,..,74000,5100,..,74000
2019,YR2019,China,CHN,..,..,..,39.692,554781038,-2.513529275,..,101.9257202,102.5646133,101.3760223,..,..,..,..,..,..,..,..,1.3,..,..,..,..,..,..,..,..,..,..,0.6,1397715000,51.30650203,0.3572910631,680596325,..,..,63895,7.2,..,..,..,..,..,..,..,..,..,781074570,43.71068616,..,..,..,..,..,..,..,..,..,..,..,..,..,..,..,..
2019,YR2019,Colombia,COL,..,24.9,1400,18.896,9512141,-0.3288168322,..,..,..,..,..,..,..,..,..,..,..,..,4.5,..,..,..,..,..,..,..,..,0.1,..,..,50339443,49.09309982,1.381702014,25626250,..,..,5482,13.1,..,..,..,..,..,..,..,..,..,26787864,42.94904588,..,..,..,..,..,..,..,..,..,..,..,..,200000,12000,..,190000
2019,YR2019,Comoros,COM,..,43.1,100,70.836,602734,1.925394536,..,..,..,..,..,..,..,..,..,..,..,..,3.3,..,..,..,..,..,..,..,..,0.1,..,..,850886,50.44241859,2.205877437,421679,..,..,797,52.8,..,..,..,..,..,..,..,..,..,223593,42.13638173,..,..,..,..,..,..,..,..,..,..,..,..,200,100,..,200
2019,YR2019,"Congo, Dem. Rep.",COD,..,72.8,6700,54.954,47694888,2.126384329,..,..,..,..,..,..,..,..,..,..,..,..,18,..,..,..,..,..,..,..,..,0.5,..,..,86790567,49.91222433,3.187086302,43471464,..,..,96760,72,..,..,..,..,..,..,..,..,..,29741906,48.34947027,..,..,..,..,..,..,..,..,..,..,..,..,520000,23000,..,460000
2019,YR2019,"Congo, Rep.",COG,..,68.2,2500,32.627,1755498,1.171922769,..,..,..,..,..,..,..,..,..,..,..,..,5.4,..,..,..,..,..,..,..,..,2.2,..,..,5380508,49.94621322,2.562900803,2693148,..,..,3369,38.4,..,..,..,..,..,..,..,..,..,2184551,49.01881439,..,..,..,..,..,..,..,..,..,..,..,..,100000,8000,..,96000
2019,YR2019,Costa Rica,CRI,..,28.1,200,19.924,1005676,-2.66959055,..,116.1822891,116.6211166,115.7633438,..,..,..,..,..,..,..,..,2.9,103.0249634,..,..,..,..,..,..,..,0.1,..,21,5047561,49.97540396,0.9579050139,2525022,..,..,425,8,..,..,..,..,..,..,..,..,..,2473778,39.02957339,..,..,..,..,..,..,..,..,..,..,..,..,14000,1000,..,14000
2019,YR2019,Cote d'Ivoire,CIV,..,65.8,2800,48.761,12539644,1.610382883,..,100.3153381,97.23085785,103.3742065,..,..,..,..,..,..,..,..,11.1,82.34056854,..,..,..,..,..,..,..,1.1,..,..,25716544,50.45079523,2.549336239,12742343,..,..,30156,65.3,..,..,..,..,..,..,..,..,..,8536665,41.76955521,..,..,..,..,..,..,..,..,..,..,..,..,430000,12000,..,400000
2019,YR2019,Croatia,HRV,..,..,100,42.758,1739182,-1.186426161,..,..,..,..,..,..,..,..,..,..,..,..,1.4,..,..,..,..,..,..,..,..,..,..,..,4067500,48.18089441,-0.4988886965,2107742,..,..,105,4.4,..,..,..,..,..,..,..,..,..,1778668,46.50738643,..,..,..,..,..,..,..,..,..,..,..,..,1600,100,..,1600
2019,YR2019,Cuba,CUB,..,17.7,500,22.891,2594348,-0.3551036115,..,102.8671417,101.0402908,104.5944977,..,..,..,..,..,..,..,..,2,86.02886963,..,..,..,..,..,..,..,0.1,..,..,11333483,49.65752808,-0.04106455436,5705555,..,..,246,4.2,..,..,..,..,..,..,..,..,..,5098407,38.49137584,..,..,..,..,..,..,..,..,..,..,..,..,32000,1700,..,32000
2019,YR2019,Curacao,CUW,..,..,..,10.902,17175,-0.9907094154,..,..,..,..,..,..,..,..,..,..,..,..,..,..,..,..,..,..,..,..,..,..,..,..,157538,45.94457329,-1.425633433,85158,..,..,..,..,..,..,..,..,..,..,..,..,..,..,..,..,..,..,..,..,..,..,..,..,..,..,..,..,..,..,..
2019,YR2019,Cyprus,CYP,..,..,..,33.195,397867,0.7948726155,..,..,..,..,..,..,..,..,..,..,..,..,1.2,..,..,..,..,..,..,..,..,..,..,..,1198575,50.00083432,0.7797881915,599277,..,..,16,2,..,..,..,..,..,..,..,..,..,629536,46.13508997,..,..,..,..,..,..,..,..,..,..,..,..,..,..,..,..
2019,YR2019,Czech Republic,CZE,..,..,..,26.079,2782553,-0.1199257746,..,..,..,..,..,..,..,..,..,..,..,..,1.5,..,..,..,..,..,..,..,..,..,..,..,10669709,49.21436218,0.3735373167,5418680,..,..,179,2.8,..,..,..,..,..,..,..,..,..,5445535,44.74390487,..,..,..,..,..,..,..,..,..,..,..,..,..,..,..,..
2019,YR2019,Denmark,DNK,..,..,..,12.006,698575,-0.5654099572,..,..,..,..,..,..,..,..,..,..,..,..,1,..,..,..,..,..,..,..,..,..,..,..,5818553,49.7181766,0.4291531638,2925675,..,..,187,3.7,..,..,..,..,..,..,..,..,..,3026441,47.37171483,..,..,..,..,..,..,..,..,..,..,..,..,..,..,..,..
2019,YR2019,Djibouti,DJI,..,56.3,100,22.085,215011,0.8922957883,..,75.28794098,75.11437988,75.43859863,66.48243,66.478,66.48037,..,..,..,..,..,10.8,..,..,..,..,..,..,..,..,0.4,..,..,973560,52.58521073,1.515180502,461611,..,..,623,52.6,..,..,..,..,..,..,..,..,..,415214,39.79875438,..,..,..,..,..,..,..,..,..,..,..,..,6800,200,..,6200
2019,YR2019,Dominica,DMA,..,..,..,29.214,20978,-0.7787313807,..,100.3757629,98.70346069,101.9916534,..,..,..,..,..,..,..,..,1.9,..,..,..,..,..,..,..,..,..,..,..,71808,..,0.2551715425,..,..,..,27,33.3,..,..,..,..,..,..,..,..,..,..,..,..,..,..,..,..,..,..,..,..,..,..,..,..,..,..,..
2019,YR2019,Dominican Republic,DOM,..,47.6,1000,18.172,1951483,-3.019019125,..,112.2282104,109.4302368,114.9201126,..,..,..,..,..,..,..,..,4.2,93.87033081,..,..,..,..,..,..,..,0.3,..,21,10738958,49.96945234,1.046460513,5372760,..,..,3989,25.6,..,..,..,..,..,..,..,..,..,4993453,40.32131673,..,..,..,..,..,..,..,..,..,..,..,..,72000,2800,..,71000
2019,YR2019,Early-demographic dividend,EAR,..,..,..,54.45920381,1791866077,0.5354879887,..,101.9569,101.331,102.5441,..,..,..,0.9780799747,..,..,..,..,4.730895697,91.38244629,..,..,..,..,..,..,..,..,..,..,3290290622,50.92513645,1.294583564,1614705634,..,..,1296471,29.343675,..,..,..,..,..,..,..,85.31536102,..,1303740803,29.81833094,..,..,..,..,..,..,..,..,..,..,..,..,..,..,..,..
2019,YR2019,East Asia & Pacific,EAS,..,..,..,40.11346726,938907166,-1.512773236,..,103.4764,103.3409,103.598,..,..,..,1.000429988,..,..,..,..,2.4,98.81214905,..,..,..,..,..,..,..,..,..,..,2340628292,50.67639266,0.5364899179,1154376978,..,..,218186,12.9,..,..,..,..,..,..,..,97.34680176,..,1265785108,43.32029176,..,..,..,..,..,..,..,..,..,..,..,..,..,..,..,..
2019,YR2019,East Asia & Pacific (excluding high income),EAP,..,..,..,43.42999638,909282997,-1.5452493,..,103.564,103.4122,103.6996,..,..,..,1.000249982,..,..,..,..,2.504664025,98.75375366,..,..,..,..,..,..,..,..,..,..,2093675040,50.84020181,0.5781954719,1029184609,..,..,215864,13.64259289,..,..,..,..,..,..,..,97.60212708,..,1132518723,43.23804074,..,..,..,..,..,..,..,..,..,..,..,..,..,..,..,..
2019,YR2019,East Asia & Pacific (IDA & IBRD countries),TEA,..,..,..,43.49939775,899560656,-1.559973549,..,103.7054,103.5572,103.8376,..,..,..,1.000249982,..,..,..,..,2.483872748,98.76448822,..,..,..,..,..,..,..,..,..,..,2067984156,50.86418598,0.5797353362,1016071211,..,..,212496,13.63305817,..,..,..,..,..,..,..,97.57393646,..,1116015022,43.17952405,..,..,..,..,..,..,..,..,..,..,..,..,..,..,..,..
2019,YR2019,Ecuador,ECU,..,30.8,500,36.014,6256951,1.222102442,..,..,..,..,..,..,..,..,..,..,..,..,3.8,..,..,..,..,..,..,..,..,0.1,..,25,17373662,50.02105774,1.679213179,8683172,..,..,2379,13.5,..,..,..,..,..,..,..,..,..,8545537,40.89170757,..,..,..,..,..,..,..,..,..,..,..,..,47000,2400,..,46000
2019,YR2019,"Egypt, Arab Rep.",EGY,..,30,1000,57.27,57492249,1.930894939,..,106.4095612,106.8514328,105.9935532,..,..,..,..,..,..,..,..,3.5,103.831459,..,..,..,..,..,..,..,0.1,..,..,100388073,50.52651771,1.976284348,49665476,..,..,28710,18.5,..,..,..,..,..,..,..,..,..,30828413,23.61102403,..,..,..,..,..,..,..,..,..,..,..,..,26000,5000,..,25000
2019,YR2019,El Salvador,SLV,..,37.3,200,27.254,1758851,-2.108605308,..,..,..,..,..,..,..,..,..,..,..,..,11.7,..,..,..,..,..,..,..,..,0.1,..,22.8,6453553,46.84790542,0.5096833019,3430199,..,..,765,12.6,..,..,..,..,..,..,..,..,..,2789514,41.95806151,..,..,..,..,..,..,..,..,..,..,..,..,27000,1000,..,26000
2019,YR2019,Equatorial Guinea,GNQ,..,51.5,1200,27.373,371174,1.775764743,..,..,..,..,..,..,..,..,..,..,..,..,10.9,..,..,..,..,..,..,..,..,3.1,..,..,1355986,55.59240462,3.528524074,602161,..,..,1289,66,..,..,..,..,..,..,..,..,..,529729,36.69800974,..,..,..,..,..,..,..,..,..,..,..,..,65000,5200,..,62000
2019,YR2019,Eritrea,ERI,..,59.4,100,..,..,..,..,..,..,..,..,..,..,..,..,..,..,..,8.5,..,..,..,..,..,..,..,..,0.3,..,..,..,..,..,..,..,..,1863,34.7,..,..,..,..,..,..,..,..,..,..,..,..,..,..,..,..,..,..,..,..,..,..,..,14000,500,..,13000
2019,YR2019,Estonia,EST,..,..,..,30.949,410566,-0.2026850986,..,..,..,..,..,..,..,..,..,..,..,..,1.9,..,..,..,..,..,..,..,..,..,..,..,1326590,47.26937523,0.3483396618,699519,..,..,14,2,..,..,..,..,..,..,..,..,..,704366,48.12057936,..,..,..,..,..,..,..,..,..,..,..,..,..,..,..,..
2019,YR2019,Eswatini,SWZ,..,63.4,2000,76.019,872797,0.8061767385,..,..,..,..,..,..,..,..,..,..,..,..,10,..,..,..,..,..,..,..,..,12.3,..,..,1148130,49.01784027,1.045309194,585341,..,..,548,42.6,..,..,..,..,..,..,..,..,..,374768,47.87388464,..,..,..,..,..,..,..,..,..,..,..,..,200000,4500,..,190000
2019,YR2019,Ethiopia,ETH,..,62.7,4500,78.775,88290020,1.994796255,..,..,..,..,..,..,..,..,..,..,..,..,8,..,..,..,..,..,..,..,..,0.4,..,..,112078730,50.02644971,2.579563348,56009720,..,..,98795,41.5,..,..,..,..,..,..,..,..,..,53195214,46.5174461,..,..,..,..,..,..,..,..,..,..,..,..,670000,15000,..,630000
2019,YR2019,Euro area,EMU,..,..,..,22.78231428,78051682,-0.7635788798,..,102.6133,102.4511,102.7667,..,..,..,..,..,..,..,..,1.127685729,95.55065155,..,..,..,..,..,..,..,..,..,..,342597698,48.92525888,0.2207275432,174980888,..,..,7016,3.427462893,..,..,..,..,..,..,..,..,..,165299695,46.11062591,..,..,..,..,..,..,..,..,..,..,..,..,..,..,..,..
2019,YR2019,Europe & Central Asia,ECS,..,..,..,27.59085124,253655342,-0.3669355653,..,100.7812,100.5805,100.9713,..,..,..,0.9997900128,..,..,..,..,1.9,97.48355865,..,..,..,..,..,..,..,..,..,..,921140092,48.48672482,0.3505168557,473373345,..,..,47285,7.7,..,..,..,..,..,..,..,98.86026001,..,439064377,45.25567739,..,..,..,..,..,..,..,..,..,..,..,..,..,..,..,..
2019,YR2019,Europe & Central Asia (excluding high income),ECA,..,..,..,32.18124197,127955945,-0.06920832737,..,99.50011,99.24105,99.74527,..,..,..,0.999909997,..,..,..,..,2.57416698,98.76992798,..,..,..,..,..,..,..,..,..,..,399404587,47.84845319,0.4955479455,207359941,..,..,35355,11.27448951,..,..,..,..,..,..,..,99.58109283,..,183743814,44.17556337,..,..,..,..,..,..,..,..,..,..,..,..,..,..,..,..
2019,YR2019,Europe & Central Asia (IDA & IBRD countries),TEC,..,..,..,33.49791222,153757178,-0.1123616882,..,98.74127,98.44977,99.01722,..,..,..,0.9999600053,..,..,..,..,2.497469831,97.99452209,..,..,..,..,..,..,..,..,..,..,460799505,47.93525819,0.3985577553,238979901,..,..,37101,10.67771507,..,..,..,..,..,..,..,99.53375244,..,212715798,44.18496223,..,..,..,..,..,..,..,..,..,..,..,..,..,..,..,..
2019,YR2019,European Union,EUU,..,..,..,25.27047868,113088432,-0.6789346321,..,101.585,101.4261,101.7356,..,..,..,..,..,..,..,..,1.25402198,96.06841278,..,..,..,..,..,..,..,..,..,..,447512041,48.87534088,0.1643698968,228789007,..,..,9681,3.616366604,..,..,..,..,..,..,..,..,..,216229439,45.87305015,..,..,..,..,..,..,..,..,..,..,..,..,..,..,..,..
2019,YR2019,Faroe Islands,FRO,..,..,..,57.775,28124,0.09604952625,..,..,..,..,..,..,..,..,..,..,..,..,..,..,..,..,..,..,..,..,..,..,..,..,48678,..,0.3725242281,..,..,..,..,..,..,..,..,..,..,..,..,..,..,..,..,..,..,..,..,..,..,..,..,..,..,..,..,..,..,..,..
2019,YR2019,Fiji,FJI,..,31.8,100,43.25,384905,-0.4241392016,..,116.4591064,114.2040634,118.61689,..,..,..,..,..,..,..,..,3.7,..,..,..,..,..,..,..,..,0.1,..,..,889953,50.67211263,0.7296602421,438995,..,..,202,23.6,..,..,..,..,..,..,..,..,..,362720,33.07454786,..,..,..,..,..,..,..,..,..,..,..,..,1000,200,..,1000
2019,YR2019,Finland,FIN,..,..,..,14.554,803426,-0.3519946977,..,..,..,..,..,..,..,..,..,..,..,..,1.8,..,..,..,..,..,..,..,..,..,..,..,5520314,49.29739004,0.08678996315,2798943,..,..,70,2.1,..,..,..,..,..,..,..,..,..,2739091,47.99873389,..,..,..,..,..,..,..,..,..,..,..,..,..,..,..,..
2019,YR2019,Fragile and conflict affected situations,FCS,..,56.05155856,..,55.04993143,438387014,1.454240112,..,94.28645,89.73664,98.69025,..,..,..,0.8887199759,..,..,..,..,10.0899246,75.69135284,..,..,..,..,..,..,..,0.8804225033,..,..,798138587,50.03170083,2.264148581,397884528,..,..,771791,60.90505205,..,..,..,..,..,..,..,71.18499756,..,274831882,40.61095372,..,..,..,..,..,..,..,..,..,..,..,..,..,..,..,..
2019,YR2019,France,FRA,..,..,..,19.291,12936523,-1.22411403,..,..,..,..,..,..,..,..,..,..,..,..,1.2,..,..,..,..,..,..,..,..,..,..,..,67059887,48.40261662,0.1402342177,34601147,..,..,1920,4.1,..,..,..,..,..,..,..,..,..,30386432,48.04623656,..,..,..,..,..,..,..,..,..,..,..,..,190000,..,..,190000
2019,YR2019,French Polynesia,PYF,..,..,..,38.103,106417,0.4124377304,..,..,..,..,..,..,..,..,..,..,..,..,..,..,..,..,..,..,..,..,..,..,..,..,279287,50.66222676,0.5774156655,137794,..,..,..,..,..,..,..,..,..,..,..,..,..,117164,43.54067802,..,..,..,..,..,..,..,..,..,..,..,..,..,..,..,..
2019,YR2019,Gabon,GAB,..,67.6,500,10.259,222885,-1.068369066,..,..,..,..,..,..,..,..,..,..,..,..,7,..,..,..,..,..,..,..,..,1.5,..,..,2172579,50.9161006,2.484089207,1066386,..,..,1359,34.7,..,..,..,..,..,..,..,..,..,721924,40.1744505,..,..,..,..,..,..,..,..,..,..,..,..,51000,1500,..,48000
2019,YR2019,"Gambia, The",GMB,..,61,500,38.069,893748,1.200352993,..,101.6599731,106.9315872,96.48123932,..,..,..,..,..,..,..,..,8.1,73.92729187,..,..,..,..,..,..,..,0.6,..,..,2347706,49.59602947,2.921850237,1183337,..,..,2427,39.9,..,..,..,..,..,..,..,..,..,779181,44.01647371,..,..,..,..,..,..,..,..,..,..,..,..,28000,2400,..,26000
2019,YR2019,Georgia,GEO,..,31.9,..,40.961,1523906,-1.154341387,..,99.29888153,99.69996643,98.93492126,..,..,..,..,..,..,..,..,2.8,91.68662262,..,..,..,..,..,..,..,0.1,..,19.5,3720382,47.68217372,-0.1656253136,1946423,..,..,258,9.5,..,..,..,..,..,..,..,..,..,2032911,44.89488226,..,..,..,..,..,..,..,..,..,..,..,..,9100,..,..,9000
2019,YR2019,Germany,DEU,..,..,..,22.624,18807964,-0.009038315766,..,..,..,..,..,..,..,..,..,..,..,..,1.1,..,..,..,..,..,..,..,..,..,..,..,83132799,49.39005506,0.273451074,42073464,..,..,1788,3.5,..,..,..,..,..,..,..,..,..,43577709,46.322683,..,..,..,..,..,..,..,..,..,..,..,..,..,..,..,..
2019,YR2019,Ghana,GHA,..,65.6,5600,43.293,13168802,0.6791660315,..,104.8414078,105.5779495,104.1346207,85.72872,86.60582,86.15823,..,..,..,..,..,7.4,..,..,..,..,..,..,..,..,1,..,..,30417856,50.68103744,2.162577887,15001771,..,..,20399,37.5,..,..,..,..,..,..,..,..,..,12917053,46.49618609,..,..,..,..,..,..,..,..,..,..,..,..,340000,20000,..,320000
2019,YR2019,Gibraltar,GIB,..,..,..,0,0,..,..,107.7583008,108.938118,106.6326523,..,..,..,..,..,..,..,..,..,94.42060089,..,..,..,..,..,..,..,..,..,..,33701,..,-0.0504308885,..,..,..,..,..,..,..,..,..,..,..,..,..,..,..,..,..,..,..,..,..,..,..,..,..,..,..,..,..,..,..,..
2019,YR2019,Greece,GRC,..,..,..,20.612,2208848,-1.742746049,..,..,..,..,..,..,..,..,..,..,..,..,1.2,..,..,..,..,..,..,..,..,..,..,..,10716322,49.08142989,-0.1544113552,5456598,..,..,178,3.6,..,..,..,..,..,..,..,..,..,4776602,43.78430524,..,..,..,..,..,..,..,..,..,..,..,..,..,..,..,..
2019,YR2019,Greenland,GRL,..,..,..,12.948,7280,-1.445545422,..,..,..,..,..,..,..,..,..,..,..,..,..,..,..,..,..,..,..,..,..,..,..,..,56225,..,0.3599177145,..,..,..,..,..,..,..,..,..,..,..,..,..,..,..,..,..,..,..,..,..,..,..,..,..,..,..,..,..,..,..,..
2019,YR2019,Grenada,GRD,..,..,..,63.604,71238,0.2966297469,..,..,..,..,..,..,..,..,..,..,..,..,2.5,..,..,..,..,..,..,..,..,..,..,..,112003,50.37945751,0.4913706929,55576,..,..,20,15.8,..,..,..,..,..,..,..,..,..,..,..,..,..,..,..,..,..,..,..,..,..,..,..,..,..,..,..
2019,YR2019,Guam,GUM,..,..,..,5.141,8601,-0.6027606055,..,..,..,..,..,..,..,..,..,..,..,..,..,..,..,..,..,..,..,..,..,..,..,..,167294,50.47192086,0.9163523177,82858,..,..,..,..,..,..,..,..,..,..,..,..,..,81746,40.52920021,..,..,..,..,..,..,..,..,..,..,..,..,..,..,..,..
2019,YR2019,Guatemala,GTM,..,40.6,200,48.561,8063081,0.7706960701,..,101.8734894,100.7225189,102.9757004,..,..,..,..,..,..,..,..,6.3,78.92989349,..,..,..,..,..,..,..,0.1,..,..,16604026,49.25610341,1.560386048,8425530,..,..,5180,23,..,..,..,..,..,..,..,..,..,6847286,33.08303465,..,..,..,..,..,..,..,..,..,..,..,..,36000,1100,..,35000
2019,YR2019,Guinea,GIN,..,67,1900,63.5,8109741,2.269250642,..,..,..,..,..,..,..,..,..,..,..,..,13.3,..,..,..,..,..,..,..,..,0.8,..,..,12771246,48.2809195,2.834575382,6605171,..,..,13960,69.7,..,..,..,..,..,..,..,..,..,4444072,54.3102812,..,..,..,..,..,..,..,..,..,..,..,..,110000,4800,..,100000
2019,YR2019,Guinea-Bissau,GNB,..,62.8,1000,56.223,1080000,1.717535937,..,..,..,..,..,..,..,..,..,..,..,..,10.6,..,..,..,..,..,..,..,..,1.2,..,..,1920922,48.87577131,2.456522095,982057,..,..,2329,57.6,..,..,..,..,..,..,..,..,..,799652,47.73789098,..,..,..,..,..,..,..,..,..,..,..,..,40000,2100,..,37000
2019,YR2019,Guyana,GUY,..,48.7,100,73.311,573854,0.3687167889,..,..,..,..,..,..,..,..,..,..,..,..,5.8,..,..,..,..,..,..,..,..,0.3,..,..,782766,50.24061831,0.4817620106,389500,..,..,287,27.6,..,..,..,..,..,..,..,..,..,316951,39.19186246,..,..,..,..,..,..,..,..,..,..,..,..,8700,500,..,8300
2019,YR2019,Haiti,HTI,..,58,1700,43.808,4934129,-0.8150107342,..,..,..,..,..,..,..,..,..,..,..,..,6.8,..,..,..,..,..,..,..,..,0.9,..,..,11263077,49.34348769,1.249899403,5705482,..,..,6827,52.9,..,..,..,..,..,..,..,..,..,5080581,47.33167329,..,..,..,..,..,..,..,..,..,..,..,..,160000,5700,..,150000
2019,YR2019,Heavily indebted poor countries (HIPC),HPC,..,58.81142826,..,63.51871859,509234672,1.992994283,..,102.5951,99.56371,105.5624,..,..,..,0.9373999834,..,..,..,..,10.76415265,67.91596985,..,..,..,..,..,..,..,1.225478617,..,..,801708035,49.87812174,2.752202266,401831127,..,..,731341,51.51248121,..,..,..,..,..,..,..,69.58033752,..,319461326,45.34415787,..,..,..,..,..,..,..,..,..,..,..,..,..,..,..,..
2019,YR2019,High income,HIC,..,..,..,18.9525599,234218545,-0.5501464035,..,101.5891,101.595,101.5835,..,..,..,..,..,..,..,..,1.9,99.28865051,..,..,..,..,..,..,..,..,..,..,1235852827,49.79355902,0.4337298536,620062203,..,..,36227,4.6,..,..,..,..,..,..,..,..,..,625187581,44.17568125,..,..,..,..,..,..,..,..,..,..,..,..,..,..,..,..
2019,YR2019,Honduras,HND,..,39.1,200,42.27,4119684,0.1519231047,..,91.45446777,91.48806,91.42223358,..,..,..,..,..,..,..,..,4,77.25684357,..,..,..,..,..,..,..,0.1,..,..,9746117,49.95830646,1.640648793,4877122,..,..,1907,16,..,..,..,..,..,..,..,..,..,4614041,38.21097385,..,..,..,..,..,..,..,..,..,..,..,..,25000,1100,..,24000
2019,YR2019,"Hong Kong SAR, China",HKG,..,..,..,0,0,..,..,109.3225327,112.1207581,106.8727264,..,..,..,..,..,..,..,..,..,105.0946503,..,..,..,..,..,..,..,..,..,..,7507400,45.9711515,0.7540949202,4056162,..,..,..,..,..,..,..,..,..,..,..,..,..,3953996,49.40402064,..,..,..,..,..,..,..,..,..,..,..,..,..,..,..,..
2019,YR2019,Hungary,HUN,..,..,..,28.356,2770367,-1.085423461,..,..,..,..,..,..,..,..,..,..,..,..,1.4,..,..,..,..,..,..,..,..,..,..,..,9769949,47.58288348,-0.0574556437,5121126,..,..,182,3.3,..,..,..,..,..,..,..,..,..,4720629,45.53041554,..,..,..,..,..,..,..,..,..,..,..,..,..,..,..,..
2019,YR2019,Iceland,ISL,..,..,..,6.145,22203,1.726295539,..,..,..,..,..,..,..,..,..,..,..,..,1.5,..,..,..,..,..,..,..,..,..,..,..,361313,50.2098591,2.406724253,179898,..,..,4,1.7,..,..,..,..,..,..,..,..,..,217840,47.24201249,..,..,..,..,..,..,..,..,..,..,..,..,..,..,..,..
2019,YR2019,India,IND,..,..,..,65.528,895386226,0.3428499747,..,96.82868195,97.81433868,95.93580627,..,..,..,..,..,..,..,..,4,90.21476746,..,..,..,..,..,..,..,..,..,..,1366417754,51.9701657,1.015106028,656288183,..,..,522249,28.3,..,..,..,..,..,..,..,..,..,494261426,20.07626689,..,..,..,..,..,..,..,..,..,..,..,..,..,..,..,..
2019,YR2019,Indonesia,IDN,..,..,..,44.015,119115844,-0.3877731669,..,..,..,..,..,..,..,..,..,..,..,..,4.7,..,..,..,..,..,..,..,..,..,..,..,270625568,50.35361681,1.100584587,134355806,..,..,59591,22.5,..,..,..,..,..,..,..,..,..,134776525,39.28375954,..,..,..,..,..,..,..,..,..,..,..,..,..,..,..,..
2019,YR2019,"Iran, Islamic Rep.",IRN,..,26.5,1000,24.609,20404283,-0.6313063731,..,..,..,..,..,..,..,..,..,..,..,..,4.7,..,..,..,..,..,..,..,..,0.1,..,..,82913906,50.52216038,1.352226023,41024009,..,..,13075,12.6,..,..,..,..,..,..,..,..,..,27903015,19.53454492,..,..,..,..,..,..,..,..,..,..,..,..,59000,4100,..,58000
2019,YR2019,Iraq,IRQ,..,..,..,29.322,11526415,1.557437425,..,..,..,..,..,..,..,..,..,..,..,..,4.3,..,..,..,..,..,..,..,..,..,..,..,39309783,50.60269848,2.254134219,19417972,..,..,17203,23.9,..,..,..,..,..,..,..,..,..,10475720,13.47968445,..,..,..,..,..,..,..,..,..,..,..,..,..,..,..,..
2019,YR2019,Ireland,IRL,..,29.4,..,36.595,1808321,0.8713859511,..,..,..,..,..,..,..,..,..,..,..,..,0.8,..,..,..,..,..,..,..,..,0.1,..,..,4941444,49.61431628,1.511494038,2489780,..,..,128,3.1,..,..,..,..,..,..,..,..,..,2418323,45.8308092,..,..,..,..,..,..,..,..,..,..,..,..,7500,..,..,7500
2019,YR2019,Isle of Man,IMN,..,..,..,47.265,39979,0.2905740879,..,..,..,..,..,..,..,..,..,..,..,..,..,..,..,..,..,..,..,..,..,..,..,..,84584,..,0.6012077803,..,..,..,..,..,..,..,..,..,..,..,..,..,..,..,..,..,..,..,..,..,..,..,..,..,..,..,..,..,..,..,..
2019,YR2019,Israel,ISR,..,..,..,7.499,678907,0.8005064927,..,..,..,..,..,..,..,..,..,..,..,..,1.2,..,..,..,..,..,..,..,..,..,..,..,9053300,49.73754524,1.901250951,4550411,..,..,329,3.2,..,..,..,..,..,..,..,..,..,4181133,47.42338978,..,..,..,..,..,..,..,..,..,..,..,..,..,..,..,..
2019,YR2019,Italy,ITA,..,29.4,500,29.264,17645430,-1.219206271,..,..,..,..,..,..,..,..,..,..,..,..,1.1,..,..,..,..,..,..,..,..,0.1,..,..,60297396,48.65564036,-0.2060386241,30959312,..,..,858,2.9,..,..,..,..,..,..,..,..,..,25946128,42.58287788,..,..,..,..,..,..,..,..,..,..,..,..,130000,2500,..,130000
2019,YR2019,Jamaica,JAM,..,36.4,500,44.015,1297685,-0.2477499633,..,85.0632782,84.12384796,85.97350311,..,..,..,..,..,..,..,..,3.6,84.92404175,..,..,..,..,..,..,..,0.3,..,..,2948279,49.64662411,0.4563561971,1484558,..,..,461,13.3,..,..,..,..,..,..,..,..,..,1488632,45.953466,..,..,..,..,..,..,..,..,..,..,..,..,32000,1600,..,32000
2019,YR2019,Japan,JPN,..,..,..,8.302,10482515,-1.191865594,..,..,..,..,..,..,..,..,..,..,..,..,0.9,..,..,..,..,..,..,..,..,..,..,..,126264931,48.83348888,-0.2089994729,64605360,..,..,782,1.9,..,..,..,..,..,..,..,..,..,68139088,44.02394995,..,..,..,..,..,..,..,..,..,..,..,..,..,..,..,..
2019,YR2019,Jordan,JOR,..,..,..,8.797,888646,-1.061809483,..,81.79920959,81.10333252,82.47644806,..,..,..,..,..,..,..,..,2.3,81.80763245,..,..,..,..,..,..,..,..,..,..,10101694,50.61738637,1.452664319,4988481,..,..,1974,14.6,..,..,..,..,..,..,..,..,..,2637892,18.12178057,..,..,..,..,..,..,..,..,..,..,..,..,..,..,..,..
2019,YR2019,Kazakhstan,KAZ,..,32.6,1000,42.46,7861015,1.027321597,..,104.3713303,105.3301926,103.466629,..,..,86.85584,..,..,..,..,..,3,105.8281708,..,..,..,..,..,..,..,0.1,..,..,18513930,48.51245953,1.290742218,9532367,..,..,1757,10.5,..,..,..,..,..,..,..,..,..,9053149,48.02623927,..,..,..,..,..,..,..,..,..,..,..,..,33000,3700,..,33000
2019,YR2019,Kenya,KEN,..,63.4,14000,72.493,38112450,1.616062821,..,..,..,..,..,..,..,..,..,..,..,..,6.3,..,..,..,..,..,..,..,..,2.4,..,..,52573973,49.68691444,2.27190164,26451588,..,..,31343,34.9,..,..,..,..,..,..,..,..,..,23879160,49.03642339,..,..,..,..,..,..,..,..,..,..,..,..,1500000,42000,..,1400000
2019,YR2019,Kiribati,KIR,..,..,..,45.165,53117,-0.201239477,..,..,..,..,..,..,..,..,..,..,..,..,7.1,..,..,..,..,..,..,..,..,..,..,..,117606,49.16502279,1.506969958,59785,..,..,72,44.1,..,..,..,..,..,..,..,..,..,..,..,..,..,..,..,..,..,..,..,..,..,..,..,..,..,..,..
2019,YR2019,"Korea, Dem. Peopleâ€™s Rep.",PRK,..,..,..,37.866,9718749,-0.1643716052,..,..,..,..,..,..,..,..,..,..,..,..,4,..,..,..,..,..,..,..,..,..,..,..,25666161,48.9078342,0.4543199217,13113398,..,..,3376,14.4,..,..,..,..,..,..,..,..,..,16503701,47.19506249,..,..,..,..,..,..,..,..,..,..,..,..,..,..,..,..
2019,YR2019,"Korea, Rep.",KOR,..,..,..,18.57,9602379,0.3546341069,..,..,..,..,..,..,..,..,..,..,..,..,1.1,..,..,..,..,..,..,..,..,..,..,..,51709098,50.07183264,0.1983532084,25817405,..,..,565,2.9,..,..,..,..,..,..,..,..,..,28410822,42.10972143,..,..,..,..,..,..,..,..,..,..,..,..,..,..,..,..
2019,YR2019,Kosovo,XKX,..,..,..,..,..,..,..,..,..,..,..,..,..,..,..,..,..,..,..,..,..,..,..,..,..,..,..,..,..,..,1794248,..,-0.1579915085,..,..,..,..,..,..,..,..,..,..,..,..,..,..,..,..,..,..,..,..,..,..,..,..,..,..,..,..,..,..,..,..
2019,YR2019,Kuwait,KWT,..,..,..,0,0,..,..,88.00608826,94.78166199,82.25100708,..,..,..,..,..,..,..,..,2,77.27924347,..,..,..,..,..,..,..,..,..,..,4207083,60.92246469,1.672323183,1644024,..,..,251,7.4,..,..,..,..,..,..,..,..,..,2424991,25.05675279,..,..,..,..,..,..,..,..,..,..,..,..,..,..,..,..
2019,YR2019,Kyrgyz Republic,KGZ,..,33.8,200,63.409,4094256,1.720943287,..,106.0478134,105.3814087,106.6860809,..,..,..,..,..,..,..,..,2.7,109.6728973,..,..,..,..,..,..,..,0.1,..,..,6456900,49.46969623,2.098717844,3262691,..,..,1880,18.2,..,..,..,..,..,..,..,..,..,2607613,38.42744303,..,..,..,..,..,..,..,..,..,..,..,..,10000,1000,..,9700
2019,YR2019,Lao PDR,LAO,..,43.9,500,64.355,4613903,0.5260127735,..,100.0459595,98.25884247,101.7681198,..,..,..,..,..,..,..,..,4.6,92.29284668,..,..,..,..,..,..,..,0.1,..,..,7169455,50.19945725,1.517115575,3570428,..,..,3637,40.4,..,..,..,..,..,..,..,..,..,3808740,49.03973493,..,..,..,..,..,..,..,..,..,..,..,..,13000,1000,..,13000
2019,YR2019,Late-demographic dividend,LTE,..,..,..,36.70684976,843696238,-1.784920355,..,104.0053,104.2277,103.8071,..,..,..,1.00098002,..,..,..,..,2.445751923,97.41220856,..,..,..,..,..,..,..,..,..,..,2298470832,50.48735447,0.4649397424,1138033719,..,..,150374,9.171061003,..,..,..,..,..,..,..,97.58460999,..,1239933562,43.59821898,..,..,..,..,..,..,..,..,..,..,..,..,..,..,..,..
2019,YR2019,Latin America & Caribbean,LCN,..,..,..,19.12944097,123651338,-0.3472664749,..,109.3129,108.3746,110.214,..,..,..,1.003829956,..,..,..,..,5,98.17559052,..,..,..,..,..,..,..,..,..,..,646430841,49.19139737,0.9330917508,328271490,..,..,94324,15.3,..,..,..,..,..,..,..,94.71642303,..,313157482,41.75147474,..,..,..,..,..,..,..,..,..,..,..,..,..,..,..,..
2019,YR2019,Latin America & Caribbean (excluding high income),LAC,..,..,..,19.30088224,118463629,-0.3803267751,..,109.7762,108.8536,110.6622,..,..,..,1.003980041,..,..,..,..,5.118460837,98.40675354,..,..,..,..,..,..,..,..,..,..,613773128,49.19817589,0.930756337,311771464,..,..,92124,15.56805879,..,..,..,..,..,..,..,94.60984039,..,297615853,41.70691539,..,..,..,..,..,..,..,..,..,..,..,..,..,..,..,..
2019,YR2019,Latin America & the Caribbean (IDA & IBRD countries),TLA,..,..,..,19.10564963,120488780,-0.3489979006,..,109.516,108.5869,110.4085,..,..,..,1.00387001,..,..,..,..,5.062403415,98.4662323,..,..,..,..,..,..,..,..,..,..,630644770,49.19396606,0.9566531039,320342277,..,..,94016,15.43775383,..,..,..,..,..,..,..,94.62689972,..,306575538,41.7918549,..,..,..,..,..,..,..,..,..,..,..,..,..,..,..,..
2019,YR2019,Latvia,LVA,..,31.3,100,31.778,607846,-1.000659026,..,..,..,..,..,..,..,..,..,..,..,..,2.5,..,..,..,..,..,..,..,..,0.1,..,..,1912789,46.04445284,-0.7492294739,1032056,..,..,37,3.3,..,..,..,..,..,..,..,..,..,983102,49.95880387,..,..,..,..,..,..,..,..,..,..,..,..,5600,500,..,5600
2019,YR2019,Least developed countries: UN classification,LDC,..,57.70285411,..,65.89864919,680989312,1.528296333,..,104.7641,102.0745,107.3941,..,..,..,0.9464100003,..,..,..,..,9.839871387,71.51999664,..,..,..,..,..,..,..,1.118781828,..,..,1033388876,49.73457171,2.349923481,519431493,..,..,821302,48.98964442,..,..,..,..,..,..,..,71.62528229,..,422864675,42.82600453,..,..,..,..,..,..,..,..,..,..,..,..,..,..,..,..
2019,YR2019,Lebanon,LBN,..,14.6,100,11.242,770719,-1.358031562,..,..,..,..,..,..,..,..,..,..,..,..,2.3,..,..,..,..,..,..,..,..,0.1,..,..,6855713,50.31202462,0.09906136237,3406465,..,..,485,6.4,..,..,..,..,..,..,..,..,..,2398864,24.45670117,..,..,..,..,..,..,..,..,..,..,..,..,2700,200,..,2700
2019,YR2019,Lesotho,LSO,..,58.8,3700,71.415,1517760,0.2064378996,..,..,..,..,..,..,..,..,..,..,..,..,10.2,..,..,..,..,..,..,..,..,10.1,..,..,2125268,49.30881626,0.8095664757,1077324,..,..,2401,74.6,..,..,..,..,..,..,..,..,..,974311,45.23535093,..,..,..,..,..,..,..,..,..,..,..,..,340000,11000,..,330000
2019,YR2019,Liberia,LBR,..,59.4,1000,48.385,2388948,1.472774709,..,..,..,..,..,..,..,..,..,..,..,..,18.5,..,..,..,..,..,..,..,..,1,..,..,4937374,50.25173301,2.427194604,2456258,..,..,5239,67.8,..,..,..,..,..,..,..,..,..,2232405,47.45102255,..,..,..,..,..,..,..,..,..,..,..,..,47000,2200,..,43000
2019,YR2019,Libya,LBY,..,30.1,100,19.607,1328855,-0.003461566826,..,..,..,..,..,..,..,..,..,..,..,..,4.3,..,..,..,..,..,..,..,..,0.1,..,..,6777452,50.50007724,1.469777653,3354834,..,..,803,10.9,..,..,..,..,..,..,..,..,..,2422261,34.04042752,..,..,..,..,..,..,..,..,..,..,..,..,9500,500,..,9200
2019,YR2019,Liechtenstein,LIE,..,..,..,85.629,32555,0.2491197524,..,..,..,..,..,..,..,..,..,..,..,..,..,..,..,..,..,..,..,..,..,..,..,..,38019,..,0.287110524,..,..,..,..,..,..,..,..,..,..,..,..,..,..,..,..,..,..,..,..,..,..,..,..,..,..,..,..,..,..,..,..
2019,YR2019,Lithuania,LTU,..,25.2,100,32.145,895831,-1.07211414,..,..,..,..,..,..,..,..,..,..,..,..,2.3,..,..,..,..,..,..,..,..,0.1,..,..,2786844,46.25535081,-0.5260564058,1497780,..,..,58,3.2,..,..,..,..,..,..,..,..,..,1457292,50.14574979,..,..,..,..,..,..,..,..,..,..,..,..,3400,500,..,3400
2019,YR2019,Low & middle income,LMY,..,..,..,49.15017134,3163249440,0.1185282521,..,101.5942,100.4877,102.6281,..,..,..,0.9714900255,..,..,..,..,5.278869243,88.78703308,..,..,..,..,..,..,..,..,..,..,6437681145,50.5355629,1.198851595,3183377509,..,..,2404236,32.94190068,..,..,..,..,..,..,..,88.36218262,..,2834778498,37.67645482,..,..,..,..,..,..,..,..,..,..,..,..,..,..,..,..
2019,YR2019,Low income,LIC,..,58.32271903,..,66.68173383,445737361,1.981387177,..,101.7614,97.53248,105.8978,..,..,..,0.9193699956,..,..,..,..,11.2,66.92180634,..,..,..,..,..,..,..,1.025923937,..,..,668454965,49.83961406,2.629610405,335299592,..,..,608502,52.4,..,..,..,..,..,..,..,68.62081146,..,261130743,43.80785699,..,..,..,..,..,..,..,..,..,..,..,..,..,..,..,..
2019,YR2019,Lower middle income,LMC,..,..,..,60.31414916,1757170343,0.6323213096,..,99.67082,99.11898,100.1878,..,..,..,0.9627500176,..,..,..,..,5.1,89.38269806,..,..,..,..,..,..,..,..,..,..,2913363391,50.95279364,1.426182213,1428923357,..,..,1516037,38.9,..,..,..,..,..,..,..,82.48419189,..,1111677344,30.27092982,..,..,..,..,..,..,..,..,..,..,..,..,..,..,..,..
2019,YR2019,Luxembourg,LUX,..,..,..,8.777,54408,-0.7744525567,..,..,..,..,..,..,..,..,..,..,..,..,0.8,..,..,..,..,..,..,..,..,..,..,..,619896,50.52701671,1.945908029,306681,..,..,9,2.4,..,..,..,..,..,..,..,..,..,310000,45.90483871,..,..,..,..,..,..,..,..,..,..,..,..,..,..,..,..
2019,YR2019,"Macao SAR, China",MAC,..,..,..,0,0,..,..,101.34272,100.283287,102.335968,..,..,..,..,..,..,..,..,..,102.8706131,..,..,..,..,..,..,..,..,..,..,640445,48.04558074,1.384996838,332739,..,..,..,..,..,..,..,..,..,..,..,..,..,388164,48.42463495,..,..,..,..,..,..,..,..,..,..,..,..,..,..,..,..
2019,YR2019,Madagascar,MDG,..,46.6,1000,62.139,16758458,1.58378396,..,134.0614624,135.2168274,132.925415,..,..,..,..,..,..,..,..,10.7,60.80912018,..,..,..,..,..,..,..,0.1,..,..,26969307,49.88236998,2.656240162,13516378,..,..,17607,40.2,..,..,..,..,..,..,..,..,..,13851504,48.89570115,..,..,..,..,..,..,..,..,..,..,..,..,39000,5900,..,37000
2019,YR2019,Malawi,MWI,..,59.9,12000,82.826,15429446,2.354640096,..,144.8109894,146.9577637,142.6907959,..,..,..,..,..,..,..,..,7,75.7053833,..,..,..,..,..,..,..,4.2,..,..,18628747,49.30700392,2.640375193,9443470,..,..,12469,34.3,..,..,..,..,..,..,..,..,..,8079230,48.75130427,..,..,..,..,..,..,..,..,..,..,..,..,1100000,33000,..,1000000
2019,YR2019,Malaysia,MYS,..,17.3,1900,23.393,7474011,-1.084529558,..,..,..,..,..,..,..,..,..,..,..,..,3,..,..,..,..,..,..,..,..,0.1,..,..,31949777,51.40304369,1.327060649,15526619,..,..,2448,7.9,..,..,..,..,..,..,..,..,..,15673198,38.3776623,..,..,..,..,..,..,..,..,..,..,..,..,88000,6300,..,87000
2019,YR2019,Maldives,MDV,..,..,..,59.762,317308,2.198534983,..,98.03816223,99.34156036,96.85189056,..,..,..,..,..,..,..,..,2.4,90.32063293,..,..,..,..,..,..,..,..,..,..,530953,63.29514443,2.91560605,194886,..,..,34,7.1,..,..,..,..,..,..,..,..,..,296776,20.2331051,..,..,..,..,..,..,..,..,..,..,..,..,..,..,..,..
2019,YR2019,Mali,MLI,..,63.6,..,56.864,11178343,1.634264293,..,..,..,..,..,..,..,..,..,..,..,..,10,..,..,..,..,..,..,..,..,0.8,..,42.1,19658031,50.07897793,2.99663676,9813490,..,..,25958,65.5,..,..,..,..,..,..,..,..,..,7335419,43.77103748,..,..,..,..,..,..,..,..,..,..,..,..,140000,..,..,130000
2019,YR2019,Malta,MLT,..,..,..,5.322,26751,2.417687704,..,..,..,..,..,..,..,..,..,..,..,..,1.1,..,..,..,..,..,..,..,..,..,..,..,502653,50.13499797,3.651435801,250648,..,..,20,6.6,..,..,..,..,..,..,..,..,..,243422,40.83156001,..,..,..,..,..,..,..,..,..,..,..,..,..,..,..,..
2019,YR2019,Marshall Islands,MHL,..,..,..,22.583,13277,-1.048934469,..,79.55570221,78.08496094,80.96469116,..,..,..,..,..,..,..,..,5.5,77.56654358,..,..,..,..,..,..,..,..,..,..,58791,..,0.6450314163,..,..,..,21,29.5,..,..,..,..,..,..,..,..,..,..,..,..,..,..,..,..,..,..,..,..,..,..,..,..,..,..,..
2019,YR2019,Mauritania,MRT,..,50.6,..,45.493,2058875,0.9224615255,..,100.4086304,103.5470734,97.35915375,..,..,..,..,..,..,..,..,10.1,65.65380096,..,..,..,..,..,..,..,0.1,..,..,4525696,50.19873178,2.741280273,2253854,..,..,4820,55.4,..,..,..,..,..,..,..,..,..,1248249,31.56325381,..,..,..,..,..,..,..,..,..,..,..,..,5700,..,..,5300
2019,YR2019,Mauritius,MUS,..,30.4,200,59.234,749731,0.07779147341,..,99.52056122,100.8117599,98.27747345,..,..,..,..,..,..,..,..,3,96.1689682,..,..,..,..,..,..,..,0.2,..,..,1265711,49.38062646,0.0322400432,640695,..,..,130,15.7,..,..,..,..,..,..,..,..,..,610685,39.45012568,..,..,..,..,..,..,..,..,..,..,..,..,11000,1000,..,11000
2019,YR2019,Mexico,MEX,..,..,..,19.556,24948670,-0.3705947654,..,..,..,..,..,..,..,..,..,..,..,..,4.4,..,..,..,..,..,..,..,..,..,..,..,127575529,48.91486125,1.091362132,65172136,..,..,18906,13.4,..,..,..,..,..,..,..,..,..,57142190,37.76578217,..,..,..,..,..,..,..,..,..,..,..,..,..,..,..,..
2019,YR2019,"Micronesia, Fed. Sts.",FSM,..,..,..,77.188,87852,0.8975643242,..,96.80560303,94.73007965,98.80378723,..,..,..,..,..,..,..,..,5.3,89.22055817,..,..,..,..,..,..,..,..,..,..,113815,50.84482168,1.037743079,55946,..,..,41,27.2,..,..,..,..,..,..,..,..,..,..,..,..,..,..,..,..,..,..,..,..,..,..,..,..,..,..,..
2019,YR2019,Middle East & North Africa,MEA,..,36.30087975,..,34.32138517,156748307,0.8354235922,..,104.272,102.8728,105.6002,..,..,..,0.9549099803,..,..,..,..,4.5,93.76338196,..,..,..,..,..,..,..,0.100937456,..,..,456707404,51.80693515,1.73629248,220101297,..,..,124018,19.6,..,..,..,..,..,..,..,85.32794189,..,152701123,20.29691229,..,..,..,..,..,..,..,..,..,..,..,..,..,..,..,..
2019,YR2019,Middle East & North Africa (excluding high income),MNA,..,36.83396596,..,38.09659963,148369906,0.8848759026,..,104.6239,102.9039,106.2558,..,..,..,0.9504100084,..,..,..,..,4.575627148,93.36670685,..,..,..,..,..,..,..,0.1009464975,..,..,389457086,50.3945259,1.713352647,193192035,..,..,120218,21.13470584,..,..,..,..,..,..,..,82.7857132,..,118726720,20.19962229,..,..,..,..,..,..,..,..,..,..,..,..,..,..,..,..
2019,YR2019,Middle East & North Africa (IDA & IBRD countries),TMN,..,36.83396596,..,38.27360953,147266048,0.8813597071,..,104.7025,102.9635,106.3523,..,..,..,0.9495099783,..,..,..,..,4.59347606,93.32303619,..,..,..,..,..,..,..,0.1009464975,..,..,384771780,50.3906182,1.703325775,190882902,..,..,118690,21.18529459,..,..,..,..,..,..,..,82.60043335,..,117466618,20.20185854,..,..,..,..,..,..,..,..,..,..,..,..,..,..,..,..
2019,YR2019,Middle income,MIC,..,..,..,47.11823405,2717512079,-0.1805479024,..,101.5616,101.0798,102.0079,..,..,..,0.9792400002,..,..,..,..,4.351601161,92.41284943,..,..,..,..,..,..,..,..,..,..,5769226180,50.6162273,1.035650534,2848077917,..,..,1795734,28.65266798,..,..,..,..,..,..,..,90.10964966,..,2573647755,37.05434265,..,..,..,..,..,..,..,..,..,..,..,..,..,..,..,..
2019,YR2019,Moldova,MDA,..,37.7,100,57.274,1522135,-1.974420661,..,89.5235672,88.30905151,90.66168213,..,..,..,..,..,..,..,..,3,89.02828217,..,..,..,..,..,..,..,0.1,..,..,2657637,47.9278839,-1.805225538,1383888,..,..,428,13.7,..,..,..,..,..,..,..,..,..,963122,49.56111479,..,..,..,..,..,..,..,..,..,..,..,..,15000,1000,..,14000
2019,YR2019,Monaco,MCO,..,..,..,0,0,..,..,..,..,..,..,..,..,..,..,..,..,..,1.4,..,..,..,..,..,..,..,..,..,..,..,38964,..,0.7263767352,..,..,..,1,2.8,..,..,..,..,..,..,..,..,..,..,..,..,..,..,..,..,..,..,..,..,..,..,..,..,..,..,..
2019,YR2019,Mongolia,MNG,..,18.9,100,31.457,1014541,1.407735789,..,..,..,..,..,..,..,..,..,..,..,..,3.8,..,..,..,..,..,..,..,..,0.1,..,..,3225167,49.29767956,1.718753097,1635235,..,..,611,15.2,..,..,..,..,..,..,..,..,..,1331891,45.80810292,..,..,..,..,..,..,..,..,..,..,..,..,1000,100,..,1000
2019,YR2019,Montenegro,MNE,..,12,100,32.85,204372,-1.034886448,..,100.6333771,100.6420288,100.6254883,..,..,..,..,..,..,..,..,1.2,97.43096924,..,..,..,..,..,..,..,0.1,..,..,622137,49.44457537,-0.01446522081,314524,..,..,10,2.1,..,..,..,..,..,..,..,..,..,277234,43.67249327,..,..,..,..,..,..,..,..,..,..,..,..,500,100,..,500
2019,YR2019,Morocco,MAR,..,42.6,500,37.006,13496743,-0.2302865559,..,114.764679,112.7294083,116.6914063,..,..,..,..,..,..,..,..,3.5,96.59670258,..,..,..,..,..,..,..,0.1,..,..,36471769,49.60840942,1.22105093,18378705,..,..,9187,20.2,..,..,..,..,..,..,..,..,..,12067484,24.1782877,..,..,..,..,..,..,..,..,..,..,..,..,21000,1000,..,21000
2019,YR2019,Mozambique,MOZ,..,61.9,53000,63.472,19273930,2.059966352,..,116.3811417,112.3746109,120.3764496,..,..,..,..,..,..,..,..,9.6,58.17911911,..,..,..,..,..,..,..,7.1,..,..,30366036,48.56033103,2.907137438,15620188,..,..,32259,58.8,..,..,..,..,..,..,..,..,..,13193108,52.13403089,..,..,..,..,..,..,..,..,..,..,..,..,2200000,130000,..,2100000
2019,YR2019,Myanmar,MMR,..,38.4,5500,69.148,37371327,0.2315199583,..,..,..,..,..,..,..,..,..,..,..,..,3.3,..,..,..,..,..,..,..,..,0.3,..,..,54045420,48.19032776,0.6255483372,28000755,..,..,21134,39.5,..,..,..,..,..,..,..,..,..,24690588,40.48256769,..,..,..,..,..,..,..,..,..,..,..,..,240000,10000,..,230000
2019,YR2019,Namibia,NAM,..,63.4,2000,48.958,1221272,-0.1695154164,..,..,..,..,..,..,..,..,..,..,..,..,7.4,..,..,..,..,..,..,..,..,4.8,..,..,2494530,48.46062816,1.872480881,1285665,..,..,1343,33.8,..,..,..,..,..,..,..,..,..,937006,49.40160469,..,..,..,..,..,..,..,..,..,..,..,..,210000,6900,..,200000
2019,YR2019,Nauru,NRU,..,..,..,0,0,..,..,121.7049179,120.9762497,122.4250336,..,..,..,..,..,..,..,..,5.4,126.0504227,..,..,..,..,..,..,..,..,..,..,12581,..,-0.9729165136,..,..,..,6,28.4,..,..,..,..,..,..,..,..,..,..,..,..,..,..,..,..,..,..,..,..,..,..,..,..,..,..,..
2019,YR2019,Nepal,NPL,..,40,200,79.847,22843197,1.321433546,..,142.1434631,143.4533691,140.8256836,..,..,96.2984,..,..,..,..,..,4.5,117.6645432,..,..,..,..,..,..,..,0.1,..,..,28608710,45.60482007,1.837337077,15561759,..,..,11128,27.8,..,..,..,..,..,..,..,..,..,16885875,55.73111254,..,..,..,..,..,..,..,..,..,..,..,..,30000,1000,..,28000
2019,YR2019,Netherlands,NLD,..,17.4,100,8.124,1408121,-4.056172734,..,..,..,..,..,..,..,..,..,..,..,..,1,..,..,..,..,..,..,..,..,0.1,..,..,17332850,49.80273582,0.5857244603,8700617,..,..,446,3.8,..,..,..,..,..,..,..,..,..,9275661,46.23585316,..,..,..,..,..,..,..,..,..,..,..,..,24000,500,..,23000
2019,YR2019,New Caledonia,NCL,..,..,..,28.896,83163,-0.1381871273,..,..,..,..,..,..,..,..,..,..,..,..,..,..,..,..,..,..,..,..,..,..,..,..,287800,50.29972733,1.3080311,143037,..,..,..,..,..,..,..,..,..,..,..,..,..,140768,45.71422482,..,..,..,..,..,..,..,..,..,..,..,..,..,..,..,..
2019,YR2019,New Zealand,NZL,..,16.4,100,13.385,658140,0.9841013584,..,..,..,..,..,..,..,..,..,..,..,..,1.8,..,..,..,..,..,..,..,..,0.1,..,..,4917000,49.1560009,1.557727747,2499999,..,..,157,4.3,..,..,..,..,..,..,..,..,..,2764798,47.6010544,..,..,..,..,..,..,..,..,..,..,..,..,3500,200,..,3500
2019,YR2019,Nicaragua,NIC,..,33.1,100,41.24,2699365,0.6541400322,..,..,..,..,..,..,..,..,..,..,..,..,4,..,..,..,..,..,..,..,..,0.1,..,..,6545502,49.28550182,1.229573677,3319518,..,..,1352,16,..,..,..,..,..,..,..,..,..,3048887,38.58086574,..,..,..,..,..,..,..,..,..,..,..,..,9600,500,..,9400
2019,YR2019,Niger,NER,..,57.4,200,83.483,19460484,3.683524594,..,66.4154129,62.00835037,70.68029022,..,..,..,..,..,..,..,..,10.3,67.05831909,..,..,..,..,..,..,..,0.1,..,..,23310715,50.25353787,3.793668153,11596256,..,..,25861,50.7,..,..,..,..,..,..,..,..,..,8423258,42.36416598,..,..,..,..,..,..,..,..,..,..,..,..,33000,1300,..,30000
2019,YR2019,Nigeria,NGA,..,58.5,28000,48.843,98156651,0.9140264547,..,..,..,..,..,..,..,..,..,..,..,..,8.5,..,..,..,..,..,..,..,..,0.6,..,..,200963599,50.67179951,2.564841886,99131727,..,..,269897,80.6,..,..,..,..,..,..,..,..,..,59873566,44.94144545,..,..,..,..,..,..,..,..,..,..,..,..,1800000,100000,..,1600000
2019,YR2019,North America,NAC,..,..,..,17.63830591,64537275,-0.4915852323,..,101.2778,101.2974,101.259,..,..,..,..,..,..,..,..,2.6,103.9341812,..,..,..,..,..,..,..,..,..,..,365892703,49.49579218,0.5726949951,184758929,..,..,15831,5.9,..,..,..,..,..,..,..,..,..,186473916,46.17945064,..,..,..,..,..,..,..,..,..,..,..,..,..,..,..,..
2019,YR2019,North Macedonia,MKD,..,..,..,41.792,870719,-0.5604905381,..,..,..,..,..,..,..,..,..,..,..,..,1.3,..,..,..,..,..,..,..,..,..,..,..,2083459,50.02764635,0.02404944116,1041153,..,..,87,5.7,..,..,..,..,..,..,..,..,..,959685,39.24318917,..,..,..,..,..,..,..,..,..,..,..,..,..,..,..,..
2019,YR2019,Northern Mariana Islands,MNP,..,..,..,8.292,4744,-0.5046268068,..,..,..,..,..,..,..,..,..,..,..,..,..,..,..,..,..,..,..,..,..,..,..,..,57216,..,0.585463293,..,..,..,..,..,..,..,..,..,..,..,..,..,..,..,..,..,..,..,..,..,..,..,..,..,..,..,..,..,..,..,..
2019,YR2019,Norway,NOR,..,..,..,17.384,929678,-1.419723961,..,..,..,..,..,..,..,..,..,..,..,..,1.2,..,..,..,..,..,..,..,..,..,..,..,5347896,50.50907637,0.6750613732,2646723,..,..,83,2.2,..,..,..,..,..,..,..,..,..,2818011,46.99346454,..,..,..,..,..,..,..,..,..,..,..,..,..,..,..,..
2019,YR2019,Not classified,INX,..,..,..,..,..,..,..,..,..,..,..,..,..,..,..,..,..,..,..,..,..,..,..,..,..,..,..,..,..,..,..,..,..,..,..,..,..,..,..,..,..,..,..,..,..,..,..,..,..,..,..,..,..,..,..,..,..,..,..,..,..,..,..,..,..
2019,YR2019,OECD members,OED,..,..,..,19.19542715,261050799,-0.5238044893,..,102.4718,102.3706,102.5683,..,..,..,..,..,..,..,..,2.234575647,99.61205292,..,..,..,..,..,..,..,..,..,..,1359963500,49.1966776,0.5419053248,690906642,..,..,61890,6.447796044,..,..,..,..,..,..,..,..,..,674135872,44.24593822,..,..,..,..,..,..,..,..,..,..,..,..,..,..,..,..
2019,YR2019,Oman,OMN,..,31,100,14.557,724209,-3.056472394,..,102.9397202,107.6982269,98.56387329,..,..,..,..,..,..,..,..,2.8,96.80130005,..,..,..,..,..,..,..,0.1,..,..,4974986,66.01916144,2.968313394,1690542,..,..,477,10.8,..,..,..,..,..,..,..,..,..,2793208,12.74162182,..,..,..,..,..,..,..,..,..,..,..,..,2500,200,..,2400
2019,YR2019,Other small states,OSS,..,56.49844144,..,37.40349713,11729889,0.6648404936,..,108.3279,107.6552,108.9832,..,..,..,1.00395,..,..,..,..,6.942016961,83.96691895,..,..,..,..,..,..,..,3.906434667,..,..,31360407,53.22066184,1.951208982,14654353,..,..,15695,39.17490549,..,..,..,..,..,..,..,87.75659943,..,14371876,37.89075011,..,..,..,..,..,..,..,..,..,..,..,..,..,..,..,..
2019,YR2019,Pacific island small states,PSS,..,..,..,60.96160933,1520199,1.052335599,..,109.7162,108.7945,110.5845,..,..,..,..,..,..,..,..,4.259126605,96.5786972,..,..,..,..,..,..,..,..,..,..,2493696,50.7198913,1.478370956,1179111,..,..,683,21.83483759,..,..,..,..,..,..,..,..,..,921380,40.54846051,..,..,..,..,..,..,..,..,..,..,..,..,..,..,..,..
2019,YR2019,Pakistan,PAK,..,29.7,5600,63.093,136637556,1.647966737,..,95.36158752,87.89610291,102.3062897,..,..,..,..,..,..,..,..,6,78.82131958,..,..,..,..,..,..,..,0.1,..,..,216565318,51.46141707,2.029214863,105117736,..,..,248342,60.6,..,..,..,..,..,..,..,..,..,73943766,20.32931214,..,..,..,..,..,..,..,..,..,..,..,..,190000,25000,..,180000
2019,YR2019,Palau,PLW,..,..,..,19.53,3517,-2.165743487,..,..,..,..,..,..,..,..,..,..,..,..,6.5,..,..,..,..,..,..,..,..,..,..,..,18008,..,0.562440575,..,..,..,2,17.6,..,..,..,..,..,..,..,..,..,..,..,..,..,..,..,..,..,..,..,..,..,..,..,..,..,..,..
2019,YR2019,Panama,PAN,..,..,..,31.941,1356355,0.561975137,..,..,..,..,..,..,..,..,..,..,..,..,3.3,..,..,..,..,..,..,..,..,..,..,..,4246439,50.07568693,1.651786891,2120006,..,..,680,14.1,..,..,..,..,..,..,..,..,..,2070438,40.35252444,..,..,..,..,..,..,..,..,..,..,..,..,..,..,..,..
2019,YR2019,Papua New Guinea,PNG,..,57.3,1000,86.75,7613275,1.860359992,..,..,..,..,..,..,..,..,..,..,..,..,6.6,..,..,..,..,..,..,..,..,0.3,..,..,8776109,51.04774673,1.953679082,4296103,..,..,5160,39,..,..,..,..,..,..,..,..,..,2671927,48.38006428,..,..,..,..,..,..,..,..,..,..,..,..,52000,3300,..,48000
2019,YR2019,Paraguay,PRY,..,31,500,38.121,2685486,0.4968969626,..,..,..,..,..,..,..,..,..,..,..,..,4.3,..,..,..,..,..,..,..,..,0.1,..,..,7044636,50.83139108,1.265167271,3463750,..,..,1555,18.3,..,..,..,..,..,..,..,..,..,3596812,40.4850462,..,..,..,..,..,..,..,..,..,..,..,..,22000,1100,..,21000
2019,YR2019,Peru,PER,..,23.7,500,21.901,7120114,0.7433056249,..,113.4772263,111.2607269,115.7059021,..,..,..,..,..,..,..,..,2.3,101.5159302,..,..,..,..,..,..,..,0.1,..,20.2,32510453,49.67090594,1.616157197,16362216,..,..,3653,11.2,..,..,..,..,..,..,..,..,..,18864899,45.74403499,..,..,..,..,..,..,..,..,..,..,..,..,87000,3300,..,85000
2019,YR2019,Philippines,PHL,..,6,7300,52.851,57140712,0.9071483271,..,..,..,..,..,..,..,..,..,..,..,..,3.4,..,..,..,..,..,..,..,..,0.1,..,..,108116615,50.23841015,1.363994679,53800547,..,..,28992,24.1,..,..,..,..,..,..,..,..,..,44815390,38.82697216,..,..,..,..,..,..,..,..,..,..,..,..,97000,16000,..,96000
2019,YR2019,Poland,POL,..,..,..,39.963,15174300,0.04235029358,..,..,..,..,..,..,..,..,..,..,..,..,1.8,..,..,..,..,..,..,..,..,..,..,..,37970874,48.46033038,-0.01020730307,19570063,..,..,997,4.1,..,..,..,..,..,..,..,..,..,18260472,44.63283863,..,..,..,..,..,..,..,..,..,..,..,..,..,..,..,..
2019,YR2019,Portugal,PRT,..,..,..,34.236,3515838,-1.742518197,..,..,..,..,..,..,..,..,..,..,..,..,1.1,..,..,..,..,..,..,..,..,..,..,..,10269417,47.29698622,-0.1401725768,5412292,..,..,156,3.3,..,..,..,..,..,..,..,..,..,5239181,49.1277358,..,..,..,..,..,..,..,..,..,..,..,..,..,..,..,..
2019,YR2019,Post-demographic dividend,PST,..,..,..,18.5342732,206270604,-0.6829757579,..,101.5091,101.4865,101.5307,..,..,..,..,..,..,..,..,1.725391329,100.0731812,..,..,..,..,..,..,..,..,..,..,1112914457,49.10233107,0.3130388652,566447515,..,..,30825,4.434513686,..,..,..,..,..,..,..,..,..,562758025,45.72862518,..,..,..,..,..,..,..,..,..,..,..,..,..,..,..,..
2019,YR2019,Pre-demographic dividend,PRE,..,59.88376461,..,58.22354606,550155888,1.803500537,..,98.33512,95.11123,101.4794,..,..,..,0.9059299827,..,..,..,..,10.64067206,71.28684998,..,..,..,..,..,..,..,1.32205243,..,..,944902749,50.03555815,2.764302314,472115388,..,..,962629,58.85776542,..,..,..,..,..,..,..,70.27606201,..,341265684,44.59560253,..,..,..,..,..,..,..,..,..,..,..,..,..,..,..,..
2019,YR2019,Puerto Rico,PRI,..,..,..,6.424,205163,0.04192667768,..,..,..,..,..,..,..,..,..,..,..,..,..,..,..,..,..,..,..,..,..,..,..,..,3193694,47.4522432,0.01064654596,1678215,..,..,..,..,..,..,..,..,..,..,..,..,..,1050067,42.94954512,..,..,..,..,..,..,..,..,..,..,..,..,..,..,..,..
2019,YR2019,Qatar,QAT,..,..,..,0.812,22996,-4.531354485,..,103.538063,105.1170807,102.0629272,..,..,..,..,..,..,..,..,1.7,96.33355713,..,..,..,..,..,..,..,..,..,..,2832067,75.33430482,1.795285051,698549,..,..,90,6,..,..,..,..,..,..,..,..,..,2124504,13.65080979,..,..,..,..,..,..,..,..,..,..,..,..,..,..,..,..
2019,YR2019,Romania,ROU,..,40,100,45.916,8887751,-0.7846159088,..,..,..,..,..,..,..,..,..,..,..,..,2.1,..,..,..,..,..,..,..,..,0.1,..,..,19356544,48.63672592,-0.5974971244,9942155,..,..,644,6.3,..,..,..,..,..,..,..,..,..,8932844,43.00031435,..,..,..,..,..,..,..,..,..,..,..,..,19000,1000,..,19000
2019,YR2019,Russian Federation,RUS,..,..,..,25.413,36689646,-0.6763946726,..,..,..,..,..,..,..,..,..,..,..,..,2.9,..,..,..,..,..,..,..,..,..,..,..,144373535,46.34393133,-0.07223437819,77465163,..,..,4751,5.4,..,..,..,..,..,..,..,..,..,73025684,48.57270354,..,..,..,..,..,..,..,..,..,..,..,..,..,..,..,..
2019,YR2019,Rwanda,RWA,..,61.2,1500,82.687,10440846,2.484373245,..,131.3118744,129.9697876,132.6541443,..,..,..,..,..,..,..,..,5.9,90.63652802,..,..,..,..,..,..,..,1.1,..,..,12626950,49.14957213,2.607652645,6420858,..,..,6261,28.9,..,..,..,..,..,..,..,..,..,6362559,51.67700606,..,..,..,..,..,..,..,..,..,..,..,..,230000,5300,..,220000
2019,YR2019,Samoa,WSM,..,..,..,81.944,161509,0.7201942525,..,115.1093597,115.7220688,114.5421219,..,..,..,..,..,..,..,..,3.7,105.5847778,..,..,..,..,..,..,..,..,..,..,197097,51.75424799,0.4918288669,95091,..,..,39,14.1,..,..,..,..,..,..,..,..,..,53500,34.41682243,..,..,..,..,..,..,..,..,..,..,..,..,..,..,..,..
2019,YR2019,San Marino,SMR,..,..,..,2.632,891,-5.033885477,..,104.4219818,110.0806503,99.40405273,..,..,..,..,..,..,..,..,0.9,102.3952103,..,..,..,..,..,..,..,..,..,..,33860,..,0.2217459701,..,..,..,0,1.6,..,..,..,..,..,..,..,..,..,..,..,..,..,..,..,..,..,..,..,..,..,..,..,..,..,..,..
2019,YR2019,Sao Tome and Principe,STP,..,..,..,26.402,56779,-1.075580561,..,..,..,..,..,..,..,..,..,..,..,..,6.1,..,..,..,..,..,..,..,..,..,..,..,215056,50.04045608,1.890763323,107441,..,..,94,26.1,..,..,..,..,..,..,..,..,..,71899,36.0700427,..,..,..,..,..,..,..,..,..,..,..,..,..,..,..,..
2019,YR2019,Saudi Arabia,SAU,..,..,..,15.935,5460690,0.2957659351,..,100.712738,101.4772568,99.97353363,..,..,..,..,..,..,..,..,5.3,96.49504852,..,..,..,..,..,..,..,..,..,..,34268528,57.73090523,1.673111729,14484997,..,..,2170,6,..,..,..,..,..,..,..,..,..,14387604,15.82414973,..,..,..,..,..,..,..,..,..,..,..,..,..,..,..,..
2019,YR2019,Senegal,SEN,..,58.3,500,52.347,8530658,1.872949949,..,82.07385254,87.5838089,76.6986084,..,..,..,..,..,..,..,..,10.1,55.34680176,8.9,..,2.1,2.2,..,..,..,0.1,..,..,16296364,48.7620059,2.749747408,8349930,..,..,12156,36.2,..,..,..,..,..,12.5,..,..,..,4255475,40.39732345,..,..,..,..,..,..,..,..,..,..,..,..,41000,1400,..,38000
2019,YR2019,Serbia,SRB,..,15.4,100,43.74,3037732,-0.9237155462,..,99.64470673,99.59381866,99.69241333,..,..,..,..,..,..,..,..,1.4,98.8932724,..,..,..,..,..,..,..,0.1,..,..,6944975,48.98919636,-0.5403536617,3542688,..,..,265,5.1,..,..,..,..,..,..,..,..,..,3218840,44.49950914,..,..,..,..,..,..,..,..,..,..,..,..,3200,500,..,3200
2019,YR2019,Seychelles,SYC,..,..,..,42.881,41863,-0.1050495501,..,100.363678,102.8131866,98.04125977,..,..,..,..,..,..,..,..,5.8,94.66146088,..,..,..,..,..,..,..,..,..,..,97625,51.32646484,0.8879252933,47518,..,..,14,13.3,..,..,..,..,..,..,..,..,..,..,..,..,..,..,..,..,..,..,..,..,..,..,..,..,..,..,..
2019,YR2019,Sierra Leone,SLE,..,60.2,1800,57.516,4493849,1.365963598,..,143.725174,145.5942688,141.8581848,..,..,..,..,..,..,..,..,24.9,82.70654297,..,..,..,..,..,..,..,1.2,..,..,7813215,49.89436476,2.109075252,3914861,..,..,8013,86.3,..,..,..,..,..,..,..,..,..,2681359,49.72922313,..,..,..,..,..,..,..,..,..,..,..,..,78000,4900,..,69000
2019,YR2019,Singapore,SGP,..,9.4,100,0,0,..,..,..,..,..,..,..,..,..,..,..,..,..,0.9,..,..,..,..,..,..,..,..,0.1,..,..,5703569,52.34401206,1.144283307,2718092,..,..,46,2.2,..,..,..,..,..,..,..,..,..,3527065,41.75454663,..,..,..,..,..,..,..,..,..,..,..,..,7900,200,..,7900
2019,YR2019,Sint Maarten (Dutch part),SXM,..,..,..,0,0,..,..,..,..,..,..,..,..,..,..,..,..,..,..,..,..,..,..,..,..,..,..,..,..,..,40733,..,0.1941342593,..,..,..,..,..,..,..,..,..,..,..,..,..,..,..,..,..,..,..,..,..,..,..,..,..,..,..,..,..,..,..,..
2019,YR2019,Slovak Republic,SVK,..,..,..,46.271,2523654,0.1274758588,..,..,..,..,..,..,..,..,..,..,..,..,1.7,..,..,..,..,..,..,..,..,..,..,..,5454073,48.68072491,0.1339712979,2798991,..,..,164,5.1,..,..,..,..,..,..,..,..,..,2743160,45.37803118,..,..,..,..,..,..,..,..,..,..,..,..,..,..,..,..
2019,YR2019,Slovenia,SVN,..,..,..,45.178,943292,0.05524736059,..,..,..,..,..,..,..,..,..,..,..,..,1.3,..,..,..,..,..,..,..,..,..,..,..,2087946,49.7766343,0.6752808084,1048637,..,..,23,1.8,..,..,..,..,..,..,..,..,..,1034477,46.22886734,..,..,..,..,..,..,..,..,..,..,..,..,..,..,..,..
2019,YR2019,Small states,SST,..,53.05831635,..,40.8415396,16849378,0.6052539973,..,106.6048,105.8903,107.2981,..,..,..,1.008829951,..,..,..,..,6.250251776,85.91587067,..,..,..,..,..,..,..,3.111091984,..,..,41255484,52.43370326,1.673235199,19500265,..,..,17675,35.01638542,..,..,..,..,..,..,..,88.44574738,..,18700142,39.12283335,..,..,..,..,..,..,..,..,..,..,..,..,..,..,..,..
2019,YR2019,Solomon Islands,SLB,..,..,..,75.79,507659,1.958947542,..,..,..,..,..,..,..,..,..,..,..,..,4.3,..,..,..,..,..,..,..,..,..,..,..,669823,50.84671875,2.565385064,329240,..,..,176,18.4,..,..,..,..,..,..,..,..,..,336195,48.60988414,..,..,..,..,..,..,..,..,..,..,..,..,..,..,..,..
2019,YR2019,Somalia,SOM,..,54,100,54.446,8408044,1.790508808,..,..,..,..,..,..,..,..,..,..,..,..,17.2,..,..,..,..,..,..,..,..,0.1,..,..,15442905,49.86235104,2.855602116,7742709,..,..,23723,79.4,..,..,..,..,..,..,..,..,..,3924821,23.20044659,..,..,..,..,..,..,..,..,..,..,..,..,11000,500,..,9500
2019,YR2019,South Africa,ZAF,..,65.2,70000,33.144,19408553,-0.1616587574,..,..,..,..,..,..,..,..,..,..,..,..,7.6,..,..,..,..,..,..,..,..,10.2,..,..,58558270,49.28305341,1.338617391,29698967,..,..,13489,29.8,..,..,..,..,..,..,..,..,..,23300226,45.37780878,..,..,..,..,..,..,..,..,..,..,..,..,7500000,200000,..,7200000
2019,YR2019,South Asia,SAS,..,..,..,65.56810264,1203683978,0.5050628239,..,99.30749,98.62101,99.93752,..,..,..,0.9619500041,..,..,..,..,4.7,89.57054138,..,..,..,..,..,..,..,..,..,..,1835776742,51.63112205,1.17879909,887944612,..,..,882350,34.3,..,..,..,..,..,..,..,80.80539703,..,675416171,22.30160181,..,..,..,..,..,..,..,..,..,..,..,..,..,..,..,..
2019,YR2019,South Asia (IDA & IBRD),TSA,..,..,..,65.56810264,1203683978,0.5050628239,..,99.30749,98.62101,99.93752,..,..,..,0.9619500041,..,..,..,..,4.716488073,89.57054138,..,..,..,..,..,..,..,..,..,..,1835776742,51.63112205,1.17879909,887944612,..,..,882350,34.27522355,..,..,..,..,..,..,..,80.80539703,..,675416171,22.30160181,..,..,..,..,..,..,..,..,..,..,..,..,..,..,..,..
2019,YR2019,South Sudan,SSD,..,58.9,5300,80.101,8860863,0.4283009078,..,..,..,..,..,..,..,..,..,..,..,..,15.1,..,..,..,..,..,..,..,..,1.3,..,..,11062113,50.04947517,0.7822244344,5525584,..,..,14976,67.2,..,..,..,..,..,..,..,..,..,4678892,49.36273374,..,..,..,..,..,..,..,..,..,..,..,..,190000,19000,..,180000
2019,YR2019,Spain,ESP,..,18.4,1000,19.435,9149372,-0.6531857555,..,..,..,..,..,..,..,..,..,..,..,..,0.9,..,..,..,..,..,..,..,..,0.1,..,..,47076781,49.12757579,0.5944696753,23949100,..,..,698,2.8,..,..,..,..,..,..,..,..,..,23120097,46.25943395,..,..,..,..,..,..,..,..,..,..,..,..,150000,2700,..,150000
2019,YR2019,Sri Lanka,LKA,..,28.5,100,81.415,17750912,0.4780798578,..,..,..,..,..,..,..,..,..,..,..,..,1.6,..,..,..,..,..,..,..,..,0.1,..,..,21803000,47.99072714,0.6118759458,11339582,..,..,1416,6.6,..,..,..,..,..,..,..,..,..,8938985,34.70717313,..,..,..,..,..,..,..,..,..,..,..,..,3600,200,..,3600
2019,YR2019,St. Kitts and Nevis,KNA,..,..,..,69.201,36554,0.691778316,..,..,..,..,..,..,..,..,..,..,..,..,6,..,..,..,..,..,..,..,..,..,..,..,52823,..,0.7257973798,..,..,..,7,14.1,..,..,..,..,..,..,..,..,..,..,..,..,..,..,..,..,..,..,..,..,..,..,..,..,..,..,..
2019,YR2019,St. Lucia,LCA,..,..,..,81.246,148510,0.4007750974,..,102.3345337,103.2646027,101.4287567,..,..,..,..,..,..,..,..,4.2,103.664917,..,..,..,..,..,..,..,..,..,..,182790,49.24697065,0.494134202,92771,..,..,28,21.8,..,..,..,..,..,..,..,..,..,100322,45.30312394,..,..,..,..,..,..,..,..,..,..,..,..,..,..,..,..
2019,YR2019,St. Martin (French part),MAF,..,..,..,..,..,..,..,..,..,..,..,..,..,..,..,..,..,..,..,..,..,..,..,..,..,..,..,..,..,..,38002,..,1.961107678,..,..,..,..,..,..,..,..,..,..,..,..,..,..,..,..,..,..,..,..,..,..,..,..,..,..,..,..,..,..,..,..
2019,YR2019,St. Vincent and the Grenadines,VCT,..,..,..,47.386,52404,-0.530989857,..,..,..,..,..,..,..,..,..,..,..,..,6,..,..,..,..,..,..,..,..,..,..,..,110589,50.7238252,0.3432989934,54494,..,..,14,14.5,..,..,..,..,..,..,..,..,..,56676,40.60272426,..,..,..,..,..,..,..,..,..,..,..,..,..,..,..,..
2019,YR2019,Sub-Saharan Africa,SSF,..,60.63697671,..,59.2872212,656284579,1.737367513,..,98.92252,96.60417,101.1889,..,..,..,0.9325399995,..,..,..,..,10.2,70.20670319,..,..,..,..,..,..,..,1.766384885,..,..,1106957898,49.89754719,2.657071757,554613061,..,..,1058469,56.6,..,..,..,..,..,..,..,72.22979736,..,427367900,46.49362236,..,..,..,..,..,..,..,..,..,..,..,..,..,..,..,..
2019,YR2019,Sub-Saharan Africa (excluding high income),SSA,..,60.98492874,..,59.28873082,655492985,1.739416995,..,98.92216,96.60187,101.1905,..,..,..,0.9324600101,..,..,..,..,10.15076919,70.19055939,..,..,..,..,..,..,..,1.767733647,..,..,1105594562,49.8980128,2.660314268,553924848,..,..,1058325,56.57107398,..,..,..,..,..,..,..,72.19207001,..,426757216,46.50370153,..,..,..,..,..,..,..,..,..,..,..,..,..,..,..,..
2019,YR2019,Sub-Saharan Africa (IDA & IBRD countries),TSS,..,60.63697671,..,59.2872212,656284579,1.737367513,..,98.92252,96.60417,101.1889,..,..,..,0.9325399995,..,..,..,..,10.14480735,70.20670319,..,..,..,..,..,..,..,1.766384885,..,..,1106957898,49.89754719,2.657071757,554613061,..,..,1058469,56.55573084,..,..,..,..,..,..,..,72.22979736,..,427367900,46.49362236,..,..,..,..,..,..,..,..,..,..,..,..,..,..,..,..
2019,YR2019,Sudan,SDN,..,48.4,1000,65.064,27856005,1.940588242,..,..,..,..,..,..,..,..,..,..,..,..,10.9,..,..,..,..,..,..,..,..,0.1,..,..,42813238,49.95640951,2.391434033,21425282,..,..,37126,45.4,..,..,..,..,..,..,..,..,..,12410692,30.36493855,..,..,..,..,..,..,..,..,..,..,..,..,46000,3500,..,42000
2019,YR2019,Suriname,SUR,..,45,100,33.905,197114,0.826789901,..,109.2274399,109.1543884,109.2954178,..,..,..,..,..,..,..,..,3.2,78.62094879,..,..,..,..,..,..,..,0.3,..,..,581372,50.27065706,0.9298791777,289112,..,..,119,17.9,..,..,..,..,..,..,..,..,..,217284,38.11969588,..,..,..,..,..,..,..,..,..,..,..,..,5800,500,..,5600
2019,YR2019,Sweden,SWE,..,..,..,12.292,1264288,-1.150919963,..,..,..,..,..,..,..,..,..,..,..,..,1.2,..,..,..,..,..,..,..,..,..,..,..,10285453,50.07374663,1.077580381,5135141,..,..,165,2.3,..,..,..,..,..,..,..,..,..,5470074,47.7316029,..,..,..,..,..,..,..,..,..,..,..,..,..,..,..,..
2019,YR2019,Switzerland,CHE,..,..,..,26.151,2242404,0.5094106935,..,..,..,..,..,..,..,..,..,..,..,..,1.1,..,..,..,..,..,..,..,..,..,..,..,8574832,49.59238705,0.7080892128,4322368,..,..,244,3.9,..,..,..,..,..,..,..,..,..,4978166,46.72881539,..,..,..,..,..,..,..,..,..,..,..,..,17000,500,..,17000
2019,YR2019,Syrian Arab Republic,SYR,..,30.8,100,45.179,7712116,-0.4835984547,..,..,..,..,..,..,..,..,..,..,..,..,7.1,..,..,..,..,..,..,..,..,0.1,..,..,17070135,50.11414089,0.9645117401,8515583,..,..,4545,19.6,..,..,..,..,..,..,..,..,..,5191550,16.465988,..,..,..,..,..,..,..,..,..,..,..,..,1000,100,..,1000
2019,YR2019,Tajikistan,TJK,..,25.6,500,72.691,6775541,2.150085992,..,..,..,..,..,..,..,..,..,..,..,..,1.6,..,..,..,..,..,..,..,..,0.1,..,26.3,9321018,50.40168874,2.390546289,4623068,..,..,4183,33.2,..,..,..,..,..,..,..,..,..,2464790,37.35673222,..,..,..,..,..,..,..,..,..,..,..,..,14000,1600,..,13000
2019,YR2019,Tanzania,TZA,..,61,24000,65.5,37993578,1.852401148,..,98.76699829,99.90480042,97.65402985,..,..,..,..,..,..,..,..,7,64.20284271,..,..,..,..,..,..,..,2.2,..,..,58005463,49.96188376,2.951681673,29024841,..,..,42814,39,..,..,..,..,..,..,..,..,..,27170342,48.17913223,..,..,..,..,..,..,..,..,..,..,..,..,1700000,77000,..,1600000
2019,YR2019,Thailand,THA,..,44.2,2700,49.308,34330982,-1.212189256,..,101.0526733,101.0075073,101.095253,..,..,..,..,..,..,..,..,6.1,94.39460754,..,..,..,..,..,..,..,0.2,..,..,69625582,48.69596133,0.2834265562,35720736,..,..,3759,8.5,..,..,..,..,..,..,..,..,..,38989896,45.60077052,..,..,..,..,..,..,..,..,..,..,..,..,470000,5400,..,470000
2019,YR2019,Timor-Leste,TLS,..,45.2,100,69.053,892937,1.430779956,..,112.4829788,111.2389832,113.6843033,..,..,..,..,..,..,..,..,15,101.3142776,..,..,..,..,..,..,..,0.1,..,..,1293119,50.53722779,1.963835583,639613,..,..,742,41.4,..,..,..,..,..,..,..,..,..,546036,45.63874909,..,..,..,..,..,..,..,..,..,..,..,..,1500,200,..,1400
2019,YR2019,Togo,TGO,..,62.9,1200,57.752,4667728,1.479354721,..,124.3186111,122.1859436,126.4389114,..,..,..,..,..,..,..,..,7.6,89.64704132,..,..,..,..,..,..,..,1,..,..,8082366,49.7459467,2.420335208,4061717,..,..,6563,50.3,..,..,..,..,..,..,..,..,..,3700152,49.67887806,..,..,..,..,..,..,..,..,..,..,..,..,120000,4500,..,110000
2019,YR2019,Tonga,TON,..,..,..,76.893,80349,1.280109667,..,..,..,..,..,..,..,..,..,..,..,..,3.1,..,..,..,..,..,..,..,..,..,..,..,104494,50.0358862,1.248987063,52210,..,..,19,12.3,..,..,..,..,..,..,..,..,..,40537,39.04087624,..,..,..,..,..,..,..,..,..,..,..,..,..,..,..,..
2019,YR2019,Trinidad and Tobago,TTO,..,51,100,46.813,653029,0.3609716239,..,..,..,..,..,..,..,..,..,..,..,..,3.6,..,..,..,..,..,..,..,..,0.1,..,..,1394973,49.39048825,0.3673476597,705989,..,..,202,17.2,..,..,..,..,..,..,..,..,..,666923,42.54764043,..,..,..,..,..,..,..,..,..,..,..,..,11000,200,..,10000
2019,YR2019,Tunisia,TUN,..,25.8,100,30.746,3595658,0.1136459889,..,..,..,..,..,..,..,..,..,..,..,..,3.1,..,..,..,..,..,..,..,..,0.1,..,..,11694719,49.57775393,1.113643743,5896740,..,..,2381,15.8,..,..,..,..,..,..,..,..,..,4087299,26.31845627,..,..,..,..,..,..,..,..,..,..,..,..,6500,1000,..,6400
2019,YR2019,Turkey,TUR,..,..,..,24.37,20331797,-0.6393950539,..,..,..,..,..,..,..,..,..,..,..,..,2,..,..,..,..,..,..,..,..,..,..,..,83429615,49.35143588,1.339260351,42255902,..,..,6905,9.2,..,..,..,..,..,..,..,..,..,33368843,32.97648049,..,..,..,..,..,..,..,..,..,..,..,..,..,..,..,..
2019,YR2019,Turkmenistan,TKM,..,..,..,47.952,2849351,0.6020153355,..,117.9140472,116.8324738,118.9670486,..,..,..,..,..,..,..,..,4.5,..,..,..,..,..,..,..,..,..,..,..,5942089,49.23664957,1.546389218,3016403,..,..,3233,41.3,..,..,..,..,..,..,..,..,..,2653050,40.9847157,..,..,..,..,..,..,..,..,..,..,..,..,..,..,..,..
2019,YR2019,Turks and Caicos Islands,TCA,..,..,..,6.64,2536,-2.492340845,..,..,..,..,..,..,..,..,..,..,..,..,..,..,..,..,..,..,..,..,..,..,..,..,38191,..,1.386860448,..,..,..,..,..,..,..,..,..,..,..,..,..,..,..,..,..,..,..,..,..,..,..,..,..,..,..,..,..,..,..,..
2019,YR2019,Tuvalu,TUV,..,..,..,36.785,4284,-1.044941587,..,108.8330078,104.1005325,113.3333282,..,..,..,..,..,..,..,..,4.7,..,..,..,..,..,..,..,..,..,..,..,11646,..,1.192032773,..,..,..,5,22.5,..,..,..,..,..,..,..,..,..,..,..,..,..,..,..,..,..,..,..,..,..,..,..,..,..,..,..
2019,YR2019,Uganda,UGA,..,61.2,20000,75.639,33485078,2.782680847,..,..,..,..,..,..,..,..,..,..,..,..,13.4,..,..,..,..,..,..,..,..,2.8,..,..,44269594,49.25992646,3.555740529,22462425,..,..,32914,36.9,..,..,..,..,..,..,..,..,..,16658774,49.31740475,..,..,..,..,..,..,..,..,..,..,..,..,1500000,53000,..,1400000
2019,YR2019,Ukraine,UKR,..,44.5,1300,30.527,13549456,-0.9289418844,..,..,..,..,..,..,..,..,..,..,..,..,2.4,..,..,..,..,..,..,..,..,0.1,..,..,44385155,46.32265393,-0.533355282,23824773,..,..,2047,7.9,..,..,..,..,..,..,..,..,..,20203893,47.16749886,..,..,..,..,..,..,..,..,..,..,..,..,250000,13000,..,250000
2019,YR2019,United Arab Emirates,ARE,..,..,..,13.211,1290785,-0.5621052127,..,..,..,..,..,..,..,..,..,..,..,..,2.3,..,..,..,..,..,..,..,..,..,..,..,9770529,69.25733579,1.438780445,3003721,..,..,398,7.1,..,..,..,..,..,..,..,..,..,6840917,17.57838898,..,..,..,..,..,..,..,..,..,..,..,..,..,..,..,..
2019,YR2019,United Kingdom,GBR,..,..,..,16.348,10926089,-0.980497918,..,..,..,..,..,..,..,..,..,..,..,..,1.3,..,..,..,..,..,..,..,..,..,..,..,66834405,49.38746555,0.5612553904,33826586,..,..,2142,4,..,..,..,..,..,..,..,..,..,34530463,46.82883053,..,..,..,..,..,..,..,..,..,..,..,..,..,..,..,..
2019,YR2019,United States,USA,..,..,..,17.541,57576495,-0.6766889592,..,..,..,..,..,..,..,..,..,..,..,..,2.6,..,..,..,..,..,..,..,..,..,..,..,328239523,49.48151279,0.4739535394,165821641,..,..,14546,6,..,..,..,..,..,..,..,..,..,165890069,46.03127448,..,..,..,..,..,..,..,..,..,..,..,..,..,..,..,..
2019,YR2019,Upper middle income,UMC,..,..,..,33.64816653,960341736,-1.634381075,..,104.1253,103.7764,104.4434,..,..,..,0.9996600151,..,..,..,..,3.2,96.76509857,..,..,..,..,..,..,..,..,..,..,2855862789,50.27264482,0.6403425218,1419154560,..,..,279697,12.3,..,..,..,..,..,..,..,96.98825836,..,1461970411,42.21242676,..,..,..,..,..,..,..,..,..,..,..,..,..,..,..,..
2019,YR2019,Uruguay,URY,..,..,..,4.574,158340,-1.631185865,..,..,..,..,..,..,..,..,..,..,..,..,3.5,..,..,..,..,..,..,..,..,..,..,8.8,3461734,48.29632921,0.359859761,1789844,..,..,200,6.7,..,..,..,..,..,..,..,..,..,1762838,45.51308742,..,..,..,..,..,..,..,..,..,..,..,..,..,..,..,..
2019,YR2019,Uzbekistan,UZB,..,37.1,1000,49.567,16644921,1.968191307,..,102.2214813,101.5723572,102.8372116,..,..,..,..,..,..,..,..,3.7,105.8012314,..,..,..,..,..,..,..,0.1,..,..,33580650,49.87647246,1.877363542,16831806,..,..,6827,17.7,..,..,..,..,..,..,..,..,..,15555948,40.83425838,..,..,..,..,..,..,..,..,..,..,..,..,50000,4400,..,44000
2019,YR2019,Vanuatu,VUT,..,..,..,74.606,223730,2.270246088,..,..,..,..,..,..,..,..,..,..,..,..,5,..,..,..,..,..,..,..,..,..,..,..,299882,50.69927505,2.430920193,147844,..,..,100,23.6,..,..,..,..,..,..,..,..,..,128427,43.58429302,..,..,..,..,..,..,..,..,..,..,..,..,..,..,..,..
2019,YR2019,"Venezuela, RB",VEN,..,41.3,1900,11.76,3353461,-1.506783483,..,..,..,..,..,..,..,..,..,..,..,..,10.7,..,..,..,..,..,..,..,..,0.3,..,..,28515829,49.25414583,-1.235041146,14470601,..,..,7520,22.8,..,..,..,..,..,..,..,..,..,12364879,39.11532009,..,..,..,..,..,..,..,..,..,..,..,..,110000,5200,..,110000
2019,YR2019,Vietnam,VNM,..,31.3,1000,63.372,61129966,-0.1524684483,..,115.435173,116.7245865,114.2806702,..,..,..,..,..,..,..,..,3,..,..,..,..,..,..,..,..,0.1,..,..,96462106,49.91737481,0.9601104939,48310755,..,..,16587,18,..,..,..,..,..,..,..,..,..,57364650,47.80673464,..,..,..,..,..,..,..,..,..,..,..,..,230000,5200,..,220000
2019,YR2019,Virgin Islands (U.S.),VIR,..,..,..,4.168,4444,-2.970734975,..,..,..,..,..,..,..,..,..,..,..,..,..,..,..,..,..,..,..,..,..,..,..,..,106631,47.52770633,-0.3239581875,55952,..,..,..,..,..,..,..,..,..,..,..,..,..,51887,51.46183052,..,..,..,..,..,..,..,..,..,..,..,..,..,..,..,..
2019,YR2019,West Bank and Gaza,PSE,..,..,..,23.56,1103858,1.347066763,..,97.7313385,97.69850159,97.76275635,..,..,..,..,..,..,..,..,3.4,95.89272308,..,..,..,..,..,..,..,..,..,..,4685306,50.71543828,2.511782463,2309133,..,..,1528,18,..,..,..,..,..,..,..,..,..,1260102,19.99115945,..,..,..,..,..,..,..,..,..,..,..,..,..,..,..,..
2019,YR2019,World,WLD,..,53,460000,44.28571528,3397467985,0.0721419432,..,101.5937,100.6078,102.5166,..,..,..,0.9751300216,..,..,..,..,4.9,89.90387726,..,..,..,..,..,..,..,0.4,..,..,7673533972,50.41609639,1.074839129,3803439712,..,..,2440464,30.3,..,..,..,..,..,..,..,89.93315125,..,3459966078,38.8508119,..,..,..,..,..,..,..,..,..,..,..,..,38000000,1700000,..,36200000
2019,YR2019,"Yemen, Rep.",YEM,..,21.9,200,62.727,18292399,1.299661303,..,..,..,..,..,..,..,..,..,..,..,..,10.7,..,..,..,..,..,..,..,..,0.1,..,..,29161922,50.38174096,2.300580114,14469638,..,..,23220,47.6,..,..,..,..,..,..,..,..,..,6734980,7.678374695,..,..,..,..,..,..,..,..,..,..,..,..,11000,1000,..,11000
2019,YR2019,Zambia,ZMB,..,59.8,19000,55.928,9989317,1.911995882,..,..,..,..,..,..,..,..,..,..,..,..,9.3,..,..,..,..,..,..,..,..,5.5,..,..,17861030,49.51120971,2.892372927,9017818,..,..,14902,46.1,..,..,..,..,..,..,..,..,..,7401485,48.32576165,..,..,..,..,..,..,..,..,..,..,..,..,1200000,51000,..,1200000
2019,YR2019,Zimbabwe,ZWE,5.4,59.6,13000,67.79,9928163,1.418205216,..,..,..,..,..,..,..,..,..,..,..,..,9.7,..,3,..,0.3,0.4,..,..,..,5.9,..,38.3,14645468,47.682673,1.419681046,7662117,..,..,11283,42.6,..,..,..,..,..,9,..,..,..,7039493,50.88757102,..,..,..,..,..,..,..,..,..,..,..,..,1400000,40000,..,1300000